customer_id,age,tenure,monthly_charges,support_tickets,contract_type,internet_service,payment_method,churn
CUST-00000,23,38.0,94.0740143312362,3,monthly,dsl,credit_card,0
CUST-00001,65,18.0,51.88472371205689,1,monthly,dsl,credit_card,0
CUST-00002,58,16.0,48.656019435314704,3,yearly,fiber,credit_card,0
CUST-00003,45,23.0,81.49264887537468,2,two_year,dsl,bank_transfer,0
CUST-00004,44,43.0,94.71383106163287,6,yearly,none,credit_card,0
CUST-00005,71,17.0,71.00641255001158,3,two_year,dsl,credit_card,0
CUST-00006,23,65.0,,5,two_year,fiber,paypal,0
CUST-00007,61,34.0,35.993540842766826,1,monthly,fiber,paypal,0
CUST-00008,30,62.0,34.32158994534397,2,monthly,none,credit_card,1
CUST-00009,23,49.0,25.809447176515476,3,monthly,fiber,credit_card,0
CUST-00010,50,24.0,72.73713398617718,2,monthly,fiber,credit_card,1
CUST-00011,78,16.0,98.12609804270063,0,yearly,dsl,bank_transfer,0
CUST-00012,63,53.0,69.66460532687978,7,monthly,fiber,credit_card,1
CUST-00013,65,23.0,13.489631066553692,1,monthly,dsl,paypal,0
CUST-00014,62,17.0,,1,monthly,fiber,paypal,0
CUST-00015,66,66.0,65.93002508418482,3,yearly,dsl,bank_transfer,0
CUST-00016,49,34.0,122.39996875563598,7,yearly,none,credit_card,1
CUST-00017,25,3.0,33.57155217701109,0,two_year,none,paypal,0
CUST-00018,70,35.0,60.23305993502011,1,monthly,none,bank_transfer,0
CUST-00019,45,33.0,112.64631701361411,1,monthly,none,bank_transfer,1
CUST-00020,49,62.0,81.2494585336637,5,two_year,fiber,credit_card,0
CUST-00021,40,51.0,84.08282683791062,2,yearly,none,bank_transfer,0
CUST-00022,29,13.0,,2,yearly,none,paypal,0
CUST-00023,75,10.0,78.24858846643161,4,monthly,dsl,paypal,0
CUST-00024,66,43.0,89.4402382569634,2,monthly,fiber,bank_transfer,0
CUST-00025,57,3.0,49.76284202768084,1,two_year,fiber,bank_transfer,0
CUST-00026,42,22.0,91.951464472705,2,yearly,dsl,credit_card,0
CUST-00027,69,9.0,35.67492457786152,2,yearly,dsl,bank_transfer,0
CUST-00028,51,1.0,78.20919932078846,4,monthly,fiber,paypal,1
CUST-00029,45,66.0,74.46852408215818,0,monthly,fiber,bank_transfer,0
CUST-00030,45,6.0,54.5926727951973,3,monthly,dsl,credit_card,1
CUST-00031,32,0.0,69.43286811685883,3,yearly,fiber,credit_card,0
CUST-00032,23,67.0,54.43649618336117,1,monthly,none,bank_transfer,0
CUST-00033,52,13.0,43.20746682845639,5,monthly,fiber,paypal,1
CUST-00034,73,58.0,61.15963145965889,0,monthly,fiber,credit_card,0
CUST-00035,21,2.0,42.400284115708466,2,two_year,fiber,credit_card,0
CUST-00036,71,11.0,78.0699366023312,1,monthly,none,paypal,1
CUST-00037,69,7.0,41.24786264619091,0,monthly,none,bank_transfer,0
CUST-00038,35,50.0,87.79942557477628,0,yearly,fiber,credit_card,0
CUST-00039,57,44.0,40.4630233017795,4,yearly,fiber,credit_card,0
CUST-00040,28,34.0,55.842627110474844,3,yearly,fiber,credit_card,0
CUST-00041,65,17.0,54.38491479462053,1,two_year,fiber,credit_card,0
CUST-00042,61,6.0,103.12866822187097,6,monthly,dsl,bank_transfer,0
CUST-00043,39,40.0,78.2572486404148,2,two_year,fiber,bank_transfer,0
CUST-00044,22,16.0,64.70665493639014,3,two_year,dsl,bank_transfer,0
CUST-00045,78,42.0,82.46798602674308,1,monthly,fiber,bank_transfer,0
CUST-00046,45,49.0,17.3201913167578,0,yearly,fiber,credit_card,0
CUST-00047,73,61.0,68.92166025897731,3,monthly,fiber,credit_card,0
CUST-00048,60,35.0,119.93785444511907,1,monthly,fiber,credit_card,1
CUST-00049,66,0.0,73.30866266006682,4,monthly,fiber,credit_card,1
CUST-00050,65,20.0,71.69782922923339,1,monthly,fiber,bank_transfer,0
CUST-00051,30,61.0,83.7032094910549,7,two_year,fiber,credit_card,1
CUST-00052,40,38.0,92.39013108285864,0,monthly,none,bank_transfer,0
CUST-00053,46,44.0,20.063332677753507,1,yearly,fiber,credit_card,0
CUST-00054,48,32.0,27.94183795522433,4,monthly,fiber,credit_card,0
CUST-00055,20,11.0,75.25728227715366,2,monthly,fiber,credit_card,1
CUST-00056,51,64.0,52.12808595256226,2,monthly,dsl,bank_transfer,0
CUST-00057,27,55.0,102.80063155549786,3,monthly,none,bank_transfer,0
CUST-00058,64,71.0,62.1206402528694,3,yearly,dsl,paypal,0
CUST-00059,60,61.0,21.636731607172052,2,two_year,dsl,credit_card,0
CUST-00060,75,20.0,,1,monthly,dsl,bank_transfer,0
CUST-00061,64,18.0,10.0,1,two_year,fiber,bank_transfer,0
CUST-00062,40,17.0,64.14686156792719,3,yearly,none,credit_card,0
CUST-00063,77,66.0,65.29039681839042,4,yearly,dsl,credit_card,0
CUST-00064,43,40.0,59.38843225545256,4,monthly,fiber,credit_card,0
CUST-00065,38,32.0,,3,monthly,fiber,credit_card,0
CUST-00066,74,69.0,99.96299591291734,0,two_year,fiber,paypal,0
CUST-00067,40,43.0,65.74028941609723,1,yearly,fiber,credit_card,0
CUST-00068,22,65.0,16.6326583130786,2,monthly,dsl,bank_transfer,0
CUST-00069,47,70.0,85.43203951230646,0,yearly,fiber,bank_transfer,0
CUST-00070,67,5.0,83.88400571271438,1,monthly,dsl,credit_card,0
CUST-00071,29,26.0,77.73478925392362,2,yearly,none,bank_transfer,0
CUST-00072,46,,94.5369937327029,3,monthly,fiber,credit_card,0
CUST-00073,26,58.0,40.879297588474,6,two_year,fiber,bank_transfer,1
CUST-00074,60,10.0,120.21888465462847,2,monthly,dsl,credit_card,1
CUST-00075,47,22.0,46.0143061714533,1,monthly,dsl,credit_card,0
CUST-00076,38,39.0,88.73057318002137,1,yearly,fiber,credit_card,0
CUST-00077,32,57.0,27.81630763966621,2,monthly,fiber,bank_transfer,0
CUST-00078,52,8.0,46.743382818248726,1,two_year,dsl,bank_transfer,0
CUST-00079,59,43.0,107.9092161681334,3,yearly,none,bank_transfer,0
CUST-00080,76,21.0,63.477504424978754,5,monthly,fiber,credit_card,0
CUST-00081,45,15.0,90.99806512831995,0,monthly,fiber,paypal,0
CUST-00082,27,37.0,75.92388471798115,2,two_year,none,credit_card,0
CUST-00083,69,29.0,,2,yearly,fiber,paypal,1
CUST-00084,57,45.0,,0,two_year,fiber,bank_transfer,0
CUST-00085,61,22.0,64.0835293837025,0,monthly,dsl,bank_transfer,1
CUST-00086,24,59.0,25.481547310913236,1,two_year,fiber,credit_card,0
CUST-00087,37,5.0,49.918997701207374,5,monthly,fiber,bank_transfer,0
CUST-00088,65,62.0,83.77979321754235,1,yearly,dsl,bank_transfer,0
CUST-00089,69,2.0,79.8877276590627,1,monthly,dsl,credit_card,1
CUST-00090,44,52.0,30.823543744114044,0,monthly,dsl,bank_transfer,0
CUST-00091,67,24.0,51.891437014794974,5,two_year,fiber,credit_card,0
CUST-00092,70,27.0,55.456966269943834,4,two_year,dsl,bank_transfer,0
CUST-00093,42,1.0,60.86326014714437,0,monthly,dsl,bank_transfer,0
CUST-00094,73,50.0,35.602160284961215,2,two_year,dsl,paypal,0
CUST-00095,35,11.0,54.29072229701303,3,monthly,dsl,bank_transfer,0
CUST-00096,32,47.0,51.78473786851181,2,monthly,dsl,credit_card,0
CUST-00097,60,52.0,89.28833149404798,1,monthly,none,bank_transfer,0
CUST-00098,57,60.0,,5,monthly,dsl,credit_card,0
CUST-00099,26,50.0,66.3547385477796,1,monthly,fiber,bank_transfer,0
CUST-00100,69,21.0,60.19900510323171,2,monthly,none,bank_transfer,1
CUST-00101,30,53.0,73.49810780097783,4,monthly,none,bank_transfer,0
CUST-00102,67,59.0,49.58562231361063,3,yearly,fiber,credit_card,0
CUST-00103,18,22.0,41.32919794581397,3,yearly,fiber,credit_card,0
CUST-00104,67,8.0,46.49446977685707,2,yearly,dsl,bank_transfer,1
CUST-00105,66,64.0,54.129670900713585,2,monthly,fiber,credit_card,0
CUST-00106,66,10.0,40.913155005193225,1,yearly,dsl,credit_card,0
CUST-00107,59,42.0,74.05148897657187,6,monthly,dsl,credit_card,1
CUST-00108,47,17.0,88.2428918445927,2,yearly,fiber,bank_transfer,0
CUST-00109,61,9.0,30.322542480043957,3,yearly,fiber,credit_card,0
CUST-00110,35,55.0,70.62821778040083,2,monthly,none,bank_transfer,0
CUST-00111,66,10.0,64.50160511834162,2,monthly,fiber,paypal,1
CUST-00112,52,48.0,78.53771713842008,1,yearly,dsl,bank_transfer,0
CUST-00113,46,49.0,69.6765307974103,1,two_year,fiber,credit_card,0
CUST-00114,49,4.0,33.660018001709226,6,yearly,fiber,credit_card,0
CUST-00115,53,12.0,38.440267528570864,1,two_year,dsl,credit_card,0
CUST-00116,20,57.0,70.73558938962432,2,two_year,fiber,bank_transfer,0
CUST-00117,26,36.0,95.71952299363774,0,monthly,dsl,bank_transfer,0
CUST-00118,33,,14.645315723924927,1,yearly,dsl,credit_card,0
CUST-00119,25,,78.6431644950395,2,monthly,fiber,credit_card,0
CUST-00120,45,19.0,99.74055013219107,4,monthly,fiber,credit_card,1
CUST-00121,59,0.0,66.17435309484468,1,monthly,dsl,credit_card,0
CUST-00122,58,66.0,83.75506240066102,1,two_year,dsl,paypal,0
CUST-00123,47,1.0,52.423272977554944,5,yearly,dsl,credit_card,0
CUST-00124,71,39.0,67.01584501807808,0,monthly,dsl,credit_card,0
CUST-00125,53,71.0,29.47716204229621,2,monthly,fiber,credit_card,0
CUST-00126,22,41.0,11.391417289528153,0,monthly,fiber,credit_card,0
CUST-00127,65,42.0,93.56914503063189,2,yearly,dsl,credit_card,0
CUST-00128,53,27.0,45.37512680688895,0,two_year,dsl,credit_card,0
CUST-00129,57,9.0,58.61180387491424,3,monthly,dsl,credit_card,1
CUST-00130,53,41.0,35.33894366824517,4,monthly,fiber,credit_card,0
CUST-00131,52,64.0,34.750757422903106,0,yearly,dsl,bank_transfer,0
CUST-00132,23,6.0,65.6540574976346,0,monthly,dsl,bank_transfer,0
CUST-00133,52,63.0,51.760570146608835,4,monthly,fiber,credit_card,0
CUST-00134,67,29.0,79.44927494986746,3,monthly,dsl,paypal,0
CUST-00135,36,38.0,81.3134604744898,4,monthly,dsl,credit_card,0
CUST-00136,55,11.0,78.02124115811517,3,monthly,fiber,paypal,0
CUST-00137,19,44.0,75.9650197732111,3,two_year,fiber,paypal,0
CUST-00138,39,13.0,109.44420512329715,7,monthly,fiber,credit_card,1
CUST-00139,45,19.0,43.31015577387785,4,monthly,none,credit_card,0
CUST-00140,78,51.0,68.62662834492706,2,yearly,fiber,paypal,0
CUST-00141,31,3.0,98.31724551298971,2,two_year,fiber,credit_card,0
CUST-00142,35,32.0,101.6134952334509,5,monthly,fiber,credit_card,1
CUST-00143,43,42.0,34.455908766385676,1,monthly,fiber,bank_transfer,0
CUST-00144,79,9.0,62.19111395860325,5,yearly,fiber,bank_transfer,0
CUST-00145,70,21.0,103.9530273966815,7,monthly,dsl,paypal,1
CUST-00146,20,24.0,82.70197762997664,2,yearly,fiber,bank_transfer,1
CUST-00147,32,,74.88157578699432,2,monthly,fiber,paypal,0
CUST-00148,68,70.0,,3,monthly,fiber,bank_transfer,0
CUST-00149,21,60.0,,2,monthly,fiber,bank_transfer,0
CUST-00150,71,13.0,77.20547657725811,0,yearly,fiber,bank_transfer,1
CUST-00151,35,1.0,63.69064687538791,0,monthly,dsl,paypal,0
CUST-00152,74,3.0,68.9355344738889,1,monthly,dsl,paypal,0
CUST-00153,36,42.0,71.96496765287593,3,monthly,dsl,paypal,0
CUST-00154,44,11.0,53.048211787662524,1,yearly,fiber,bank_transfer,0
CUST-00155,59,16.0,83.30323434703595,4,monthly,none,bank_transfer,0
CUST-00156,25,61.0,142.8561162103855,3,yearly,dsl,credit_card,1
CUST-00157,52,62.0,25.57533401684812,4,yearly,fiber,paypal,0
CUST-00158,49,60.0,78.1003131047495,4,monthly,fiber,credit_card,1
CUST-00159,66,18.0,50.99524778452736,4,two_year,dsl,credit_card,0
CUST-00160,79,44.0,84.43506443798125,6,two_year,fiber,credit_card,1
CUST-00161,59,43.0,71.16393683319653,1,monthly,fiber,bank_transfer,0
CUST-00162,43,13.0,89.04636935106159,2,monthly,dsl,bank_transfer,0
CUST-00163,43,39.0,99.38766441271949,3,monthly,fiber,credit_card,0
CUST-00164,43,37.0,74.81052794420454,6,monthly,none,credit_card,1
CUST-00165,68,28.0,98.30130721035445,4,monthly,fiber,credit_card,1
CUST-00166,37,54.0,11.392552655283065,1,two_year,fiber,credit_card,0
CUST-00167,28,48.0,109.76130744790058,0,two_year,fiber,credit_card,0
CUST-00168,38,38.0,79.3765537973085,6,monthly,fiber,bank_transfer,1
CUST-00169,19,52.0,96.94608389362955,3,monthly,none,credit_card,0
CUST-00170,24,54.0,39.50310637896196,1,monthly,dsl,credit_card,0
CUST-00171,23,40.0,49.23075295986661,1,monthly,none,credit_card,0
CUST-00172,65,19.0,73.64845735361935,4,monthly,dsl,bank_transfer,0
CUST-00173,62,54.0,69.57405276656343,2,two_year,fiber,paypal,0
CUST-00174,61,51.0,77.07671470024974,3,two_year,fiber,credit_card,0
CUST-00175,46,70.0,97.11287902324915,6,monthly,fiber,credit_card,1
CUST-00176,62,10.0,25.86949211742877,1,yearly,none,bank_transfer,0
CUST-00177,27,30.0,94.34547679293273,4,yearly,fiber,credit_card,0
CUST-00178,73,66.0,70.20704774894817,3,yearly,fiber,paypal,0
CUST-00179,49,37.0,64.9054534718863,1,monthly,dsl,paypal,0
CUST-00180,76,67.0,33.22211914037774,2,monthly,dsl,bank_transfer,0
CUST-00181,27,0.0,82.57621670942163,3,yearly,fiber,paypal,0
CUST-00182,48,2.0,10.0,2,monthly,dsl,credit_card,0
CUST-00183,61,57.0,86.20985028096781,1,yearly,dsl,credit_card,0
CUST-00184,48,25.0,32.6973541131752,1,monthly,dsl,credit_card,0
CUST-00185,45,37.0,71.33644781543686,1,yearly,fiber,credit_card,0
CUST-00186,28,30.0,67.02077906680199,1,yearly,fiber,credit_card,1
CUST-00187,41,29.0,99.2384536823471,4,monthly,fiber,bank_transfer,1
CUST-00188,32,67.0,65.53362077465275,2,monthly,none,bank_transfer,0
CUST-00189,36,6.0,52.64653597135836,2,yearly,none,credit_card,1
CUST-00190,60,55.0,57.334932600719924,2,monthly,dsl,bank_transfer,0
CUST-00191,57,64.0,101.82206921886659,4,yearly,fiber,credit_card,0
CUST-00192,55,47.0,83.40742422952233,0,yearly,fiber,credit_card,0
CUST-00193,40,28.0,60.359250461920965,2,monthly,dsl,credit_card,0
CUST-00194,77,11.0,64.08883950088716,2,yearly,fiber,bank_transfer,0
CUST-00195,23,49.0,30.820572735363825,3,monthly,dsl,bank_transfer,0
CUST-00196,39,33.0,79.71185502128853,0,yearly,dsl,bank_transfer,0
CUST-00197,25,10.0,26.00460730761336,1,monthly,fiber,credit_card,1
CUST-00198,39,25.0,88.7949116458864,3,monthly,fiber,credit_card,1
CUST-00199,77,69.0,73.21553981228165,0,monthly,fiber,paypal,0
CUST-00200,40,19.0,129.67379498934807,0,two_year,fiber,credit_card,0
CUST-00201,74,12.0,42.49661115689236,3,two_year,dsl,credit_card,1
CUST-00202,48,49.0,67.43344772398417,1,yearly,fiber,credit_card,0
CUST-00203,61,14.0,114.95719252307657,1,monthly,fiber,credit_card,1
CUST-00204,46,66.0,99.78474100728536,8,monthly,fiber,bank_transfer,0
CUST-00205,34,61.0,52.594698710502506,6,yearly,fiber,credit_card,0
CUST-00206,65,70.0,75.5991857093362,4,yearly,dsl,bank_transfer,0
CUST-00207,78,65.0,70.04998391037718,6,monthly,dsl,paypal,0
CUST-00208,34,17.0,77.04889668485393,4,two_year,dsl,credit_card,1
CUST-00209,66,15.0,52.532989100379254,1,monthly,dsl,credit_card,0
CUST-00210,34,24.0,67.76698993248164,2,monthly,fiber,paypal,0
CUST-00211,62,33.0,30.048690618082155,3,two_year,dsl,bank_transfer,0
CUST-00212,66,63.0,73.37808629670205,1,monthly,fiber,paypal,0
CUST-00213,45,,81.2505168355458,3,monthly,none,credit_card,0
CUST-00214,63,46.0,64.3145146839029,2,yearly,fiber,bank_transfer,0
CUST-00215,34,63.0,29.623727735380307,3,two_year,fiber,paypal,0
CUST-00216,22,46.0,94.71329657128656,1,monthly,fiber,credit_card,0
CUST-00217,23,27.0,79.11312594982006,0,yearly,dsl,paypal,0
CUST-00218,45,29.0,51.84962255747558,4,monthly,fiber,bank_transfer,0
CUST-00219,73,37.0,62.984988829048405,7,monthly,none,paypal,1
CUST-00220,25,6.0,32.48326493045403,2,monthly,fiber,credit_card,1
CUST-00221,46,53.0,44.36474680555239,6,monthly,dsl,credit_card,0
CUST-00222,61,46.0,56.55471634107151,2,monthly,dsl,credit_card,0
CUST-00223,30,52.0,100.71052030700378,1,monthly,fiber,paypal,0
CUST-00224,62,38.0,54.01241522781311,2,yearly,fiber,credit_card,0
CUST-00225,36,56.0,86.00534148321897,3,yearly,fiber,credit_card,0
CUST-00226,68,68.0,56.54209492846051,0,yearly,dsl,paypal,0
CUST-00227,53,41.0,76.19868902129687,1,yearly,none,credit_card,0
CUST-00228,51,31.0,66.46511244640494,1,monthly,fiber,bank_transfer,0
CUST-00229,28,7.0,91.82641500231858,2,monthly,fiber,credit_card,1
CUST-00230,46,56.0,56.62971654453605,3,monthly,fiber,bank_transfer,0
CUST-00231,71,65.0,30.68679374993898,1,yearly,fiber,credit_card,0
CUST-00232,19,,35.45127421590918,2,monthly,dsl,bank_transfer,0
CUST-00233,65,62.0,56.70306265143107,4,monthly,fiber,bank_transfer,1
CUST-00234,48,62.0,38.77350073304868,1,monthly,fiber,credit_card,0
CUST-00235,62,57.0,80.25530039198878,3,monthly,none,credit_card,1
CUST-00236,59,,58.35579587854806,4,two_year,dsl,credit_card,0
CUST-00237,44,7.0,129.3651637506608,2,yearly,dsl,bank_transfer,0
CUST-00238,37,,26.5571351215717,1,monthly,fiber,credit_card,1
CUST-00239,56,14.0,75.09082946774502,4,yearly,none,credit_card,0
CUST-00240,26,31.0,41.80117441235828,5,yearly,dsl,credit_card,0
CUST-00241,54,53.0,57.66496649043304,2,monthly,dsl,bank_transfer,0
CUST-00242,23,32.0,73.5354868335136,3,monthly,fiber,bank_transfer,0
CUST-00243,58,1.0,11.86571562814283,3,yearly,none,credit_card,0
CUST-00244,56,15.0,75.92065291970069,1,monthly,dsl,paypal,0
CUST-00245,23,70.0,117.5726865568542,3,monthly,dsl,bank_transfer,0
CUST-00246,64,71.0,58.66404254078518,3,monthly,dsl,paypal,0
CUST-00247,43,27.0,76.49519642013773,1,yearly,dsl,bank_transfer,0
CUST-00248,66,57.0,95.62304232813499,1,two_year,dsl,credit_card,0
CUST-00249,20,51.0,65.90116249932508,2,yearly,none,paypal,0
CUST-00250,29,67.0,55.475995286712916,1,monthly,fiber,bank_transfer,0
CUST-00251,48,63.0,13.106589906956195,6,monthly,fiber,bank_transfer,0
CUST-00252,29,45.0,86.02476798487433,4,yearly,dsl,credit_card,0
CUST-00253,38,28.0,67.17078975677757,5,yearly,dsl,credit_card,1
CUST-00254,58,45.0,44.68290371529596,1,two_year,dsl,bank_transfer,0
CUST-00255,26,22.0,73.16491775694234,1,yearly,dsl,credit_card,1
CUST-00256,60,25.0,55.407991079845466,4,monthly,dsl,bank_transfer,1
CUST-00257,24,43.0,56.78934672211186,5,yearly,dsl,credit_card,0
CUST-00258,28,41.0,85.1572789027177,3,two_year,fiber,bank_transfer,0
CUST-00259,54,41.0,36.54043971690389,3,yearly,none,credit_card,0
CUST-00260,67,27.0,96.18288215184396,2,yearly,fiber,credit_card,0
CUST-00261,28,29.0,35.05784592203991,3,monthly,dsl,credit_card,0
CUST-00262,36,0.0,53.432464791118406,3,yearly,none,paypal,0
CUST-00263,75,43.0,118.07365485166443,2,monthly,fiber,bank_transfer,1
CUST-00264,79,41.0,98.18386904106056,2,monthly,fiber,paypal,0
CUST-00265,54,67.0,72.44009981238601,2,yearly,fiber,bank_transfer,0
CUST-00266,45,36.0,46.486744612469586,0,two_year,dsl,bank_transfer,0
CUST-00267,39,33.0,56.76819233250267,1,two_year,fiber,bank_transfer,0
CUST-00268,55,4.0,71.83188286464241,3,monthly,fiber,paypal,1
CUST-00269,54,14.0,70.93808080848996,1,monthly,none,paypal,0
CUST-00270,36,24.0,67.72822675935093,4,monthly,fiber,bank_transfer,1
CUST-00271,19,27.0,69.22918714789539,0,yearly,dsl,credit_card,0
CUST-00272,27,26.0,64.64062225737214,3,yearly,dsl,bank_transfer,0
CUST-00273,77,28.0,33.950531608999675,2,two_year,fiber,credit_card,0
CUST-00274,43,55.0,57.08723144597918,2,monthly,fiber,credit_card,1
CUST-00275,47,9.0,92.86560134967117,1,yearly,none,bank_transfer,0
CUST-00276,46,23.0,35.79164256122206,1,yearly,dsl,paypal,0
CUST-00277,66,11.0,65.26111221151804,2,monthly,fiber,credit_card,0
CUST-00278,22,22.0,49.5061517807289,2,two_year,dsl,credit_card,0
CUST-00279,23,49.0,72.78376073495278,1,yearly,dsl,paypal,0
CUST-00280,35,3.0,60.284170473329546,1,monthly,fiber,credit_card,0
CUST-00281,48,24.0,106.93484162436673,1,monthly,dsl,credit_card,0
CUST-00282,59,1.0,82.66457885475634,2,two_year,fiber,bank_transfer,0
CUST-00283,48,68.0,37.20492085556972,1,yearly,fiber,paypal,0
CUST-00284,45,52.0,86.78070029034247,5,yearly,none,bank_transfer,1
CUST-00285,76,17.0,50.63370359344842,0,yearly,fiber,bank_transfer,0
CUST-00286,27,14.0,55.57509071556166,1,monthly,fiber,credit_card,0
CUST-00287,53,7.0,,0,yearly,fiber,credit_card,0
CUST-00288,51,34.0,57.70631450674663,1,two_year,dsl,bank_transfer,0
CUST-00289,47,54.0,92.32139540807388,1,monthly,dsl,paypal,0
CUST-00290,68,42.0,50.63724846216512,3,yearly,none,credit_card,0
CUST-00291,34,63.0,54.52633618521592,2,monthly,fiber,credit_card,0
CUST-00292,77,24.0,53.59072766129728,1,monthly,dsl,credit_card,0
CUST-00293,38,20.0,55.859031291124026,2,monthly,dsl,credit_card,1
CUST-00294,51,34.0,,1,two_year,fiber,credit_card,0
CUST-00295,50,14.0,85.71990734025758,2,monthly,fiber,credit_card,0
CUST-00296,70,70.0,112.74859885030178,1,monthly,dsl,bank_transfer,0
CUST-00297,45,13.0,126.69110509748137,2,yearly,fiber,credit_card,0
CUST-00298,35,34.0,44.2320742016915,6,monthly,dsl,bank_transfer,0
CUST-00299,19,37.0,71.76047818318222,4,yearly,dsl,bank_transfer,0
CUST-00300,40,,,1,two_year,fiber,paypal,0
CUST-00301,69,33.0,50.559851806293324,4,monthly,none,paypal,0
CUST-00302,18,32.0,54.24793724360826,3,monthly,dsl,credit_card,0
CUST-00303,73,18.0,43.57112814654314,1,two_year,fiber,credit_card,0
CUST-00304,51,9.0,43.70281817753966,2,monthly,dsl,bank_transfer,1
CUST-00305,26,3.0,66.39289053699363,6,monthly,fiber,credit_card,1
CUST-00306,36,0.0,39.58203954033982,5,two_year,dsl,credit_card,0
CUST-00307,52,34.0,91.05317397844082,1,two_year,fiber,credit_card,0
CUST-00308,37,6.0,47.056161564562146,4,yearly,fiber,paypal,1
CUST-00309,24,69.0,140.2392242524098,3,yearly,fiber,credit_card,1
CUST-00310,59,17.0,58.71538872589012,0,two_year,fiber,bank_transfer,0
CUST-00311,59,46.0,71.8004410479263,3,yearly,fiber,credit_card,0
CUST-00312,25,48.0,37.61647038834912,2,yearly,fiber,bank_transfer,0
CUST-00313,35,35.0,112.65229395319098,4,yearly,none,credit_card,1
CUST-00314,33,63.0,97.9875170200729,1,yearly,fiber,paypal,0
CUST-00315,58,7.0,77.42289676840281,1,monthly,fiber,bank_transfer,1
CUST-00316,63,16.0,36.32993628051086,3,monthly,fiber,credit_card,0
CUST-00317,63,18.0,,3,monthly,dsl,credit_card,0
CUST-00318,76,9.0,41.964223849568626,4,monthly,fiber,paypal,1
CUST-00319,65,21.0,106.55888158683402,2,monthly,dsl,bank_transfer,0
CUST-00320,37,22.0,90.22986829632931,5,monthly,dsl,credit_card,1
CUST-00321,24,55.0,72.3859759621934,3,yearly,fiber,credit_card,0
CUST-00322,56,21.0,10.0,6,monthly,none,credit_card,1
CUST-00323,74,63.0,45.414600533524236,2,monthly,fiber,credit_card,0
CUST-00324,78,55.0,87.19402828999681,5,monthly,dsl,credit_card,0
CUST-00325,32,64.0,100.3220922930789,2,monthly,fiber,credit_card,0
CUST-00326,32,7.0,97.72924528730329,5,yearly,dsl,credit_card,0
CUST-00327,20,70.0,30.199674943963615,0,monthly,dsl,paypal,0
CUST-00328,26,44.0,77.5388076703226,2,monthly,fiber,bank_transfer,0
CUST-00329,52,70.0,95.38788041207324,0,yearly,fiber,paypal,0
CUST-00330,51,25.0,28.54161086044387,3,monthly,fiber,bank_transfer,0
CUST-00331,40,68.0,69.80238711566909,3,monthly,fiber,bank_transfer,0
CUST-00332,37,,76.8460599577114,0,yearly,none,credit_card,0
CUST-00333,69,5.0,62.48088537883163,1,yearly,dsl,bank_transfer,0
CUST-00334,46,,23.69595361496996,2,yearly,dsl,credit_card,0
CUST-00335,68,9.0,61.857547248156784,3,yearly,none,bank_transfer,0
CUST-00336,77,67.0,61.8173642436244,1,two_year,dsl,paypal,0
CUST-00337,37,21.0,66.29818988630615,4,monthly,dsl,paypal,0
CUST-00338,30,16.0,55.91321436437326,4,yearly,fiber,credit_card,0
CUST-00339,77,39.0,58.924696168963315,4,yearly,fiber,bank_transfer,0
CUST-00340,57,30.0,69.00734294132555,4,monthly,fiber,credit_card,0
CUST-00341,36,6.0,81.06136512424278,1,two_year,fiber,credit_card,0
CUST-00342,56,58.0,62.38933092858332,1,monthly,fiber,credit_card,0
CUST-00343,49,60.0,59.758776790799956,4,two_year,fiber,credit_card,0
CUST-00344,74,53.0,72.30885095636145,2,yearly,fiber,bank_transfer,0
CUST-00345,33,44.0,21.97710185262046,1,monthly,fiber,credit_card,0
CUST-00346,79,28.0,81.92587818066146,2,monthly,fiber,credit_card,1
CUST-00347,76,39.0,69.98592257192603,3,two_year,fiber,paypal,0
CUST-00348,29,37.0,70.99233816493904,2,yearly,fiber,bank_transfer,0
CUST-00349,28,11.0,94.0183576898616,2,monthly,fiber,credit_card,1
CUST-00350,51,5.0,,2,monthly,dsl,bank_transfer,0
CUST-00351,20,18.0,,0,yearly,dsl,bank_transfer,0
CUST-00352,36,,76.84509613308799,3,monthly,fiber,bank_transfer,1
CUST-00353,44,11.0,69.8220786217871,1,yearly,fiber,bank_transfer,0
CUST-00354,78,7.0,74.2544235797983,3,yearly,fiber,paypal,0
CUST-00355,79,61.0,58.44682312068886,3,monthly,fiber,credit_card,0
CUST-00356,27,26.0,86.60884185599828,2,yearly,fiber,bank_transfer,0
CUST-00357,73,42.0,93.315971074778,1,monthly,none,credit_card,0
CUST-00358,23,37.0,82.09955734878818,6,two_year,fiber,paypal,1
CUST-00359,64,52.0,63.479288539885424,3,two_year,fiber,credit_card,0
CUST-00360,70,53.0,17.307765309639926,2,monthly,dsl,credit_card,0
CUST-00361,73,21.0,89.2309052009282,1,monthly,dsl,paypal,0
CUST-00362,31,61.0,100.54321665543982,2,monthly,fiber,bank_transfer,1
CUST-00363,73,26.0,86.1139602995995,0,two_year,fiber,credit_card,0
CUST-00364,25,60.0,48.008939315812334,5,monthly,none,credit_card,0
CUST-00365,50,29.0,86.84485984169395,5,yearly,fiber,credit_card,0
CUST-00366,47,7.0,91.51324269903614,5,two_year,dsl,paypal,0
CUST-00367,37,54.0,108.97040619497714,0,monthly,dsl,credit_card,0
CUST-00368,19,2.0,48.09725189430106,3,yearly,fiber,credit_card,0
CUST-00369,65,55.0,64.33863538639653,0,monthly,dsl,bank_transfer,0
CUST-00370,38,3.0,88.68180127858638,2,yearly,fiber,credit_card,1
CUST-00371,59,14.0,71.43525178595395,3,monthly,fiber,credit_card,1
CUST-00372,43,43.0,42.06680994871813,2,two_year,fiber,paypal,0
CUST-00373,41,67.0,80.36540712566757,0,monthly,none,credit_card,0
CUST-00374,72,29.0,84.46654084537917,0,monthly,fiber,paypal,0
CUST-00375,23,8.0,72.19907240827504,4,yearly,fiber,bank_transfer,0
CUST-00376,63,,75.48962317949861,5,yearly,none,credit_card,0
CUST-00377,64,64.0,63.532352457856746,0,yearly,fiber,bank_transfer,0
CUST-00378,41,52.0,106.95697339290149,1,yearly,none,bank_transfer,0
CUST-00379,34,7.0,47.48269540718309,5,monthly,dsl,bank_transfer,1
CUST-00380,18,27.0,55.31698093090553,1,yearly,dsl,bank_transfer,0
CUST-00381,76,19.0,70.27463783818814,6,monthly,dsl,credit_card,1
CUST-00382,76,12.0,91.97385069252232,1,monthly,dsl,credit_card,0
CUST-00383,32,60.0,32.56567074763658,2,two_year,fiber,bank_transfer,0
CUST-00384,19,44.0,37.24258125586402,3,yearly,none,credit_card,0
CUST-00385,25,12.0,19.056787306632053,1,monthly,none,credit_card,0
CUST-00386,22,46.0,70.81738063133177,2,monthly,none,bank_transfer,1
CUST-00387,69,29.0,42.042354569836405,0,two_year,dsl,credit_card,0
CUST-00388,73,,60.386247249552085,0,monthly,dsl,bank_transfer,0
CUST-00389,27,32.0,86.5344547472927,2,monthly,dsl,paypal,1
CUST-00390,64,13.0,53.961431980428834,1,monthly,fiber,paypal,1
CUST-00391,29,17.0,75.78205056858411,5,monthly,fiber,credit_card,1
CUST-00392,40,63.0,62.51655230620695,2,monthly,dsl,credit_card,0
CUST-00393,55,51.0,86.80285787741091,1,two_year,dsl,paypal,0
CUST-00394,62,9.0,81.87820168370023,5,monthly,fiber,credit_card,0
CUST-00395,72,61.0,52.70165759563475,4,monthly,fiber,bank_transfer,0
CUST-00396,20,41.0,65.78370616498869,1,yearly,dsl,bank_transfer,0
CUST-00397,30,62.0,96.09358494301236,2,yearly,fiber,credit_card,0
CUST-00398,35,53.0,79.83442175635243,1,yearly,none,credit_card,1
CUST-00399,37,24.0,35.07594855622171,2,yearly,dsl,bank_transfer,0
CUST-00400,79,38.0,86.39045152928456,2,yearly,fiber,credit_card,0
CUST-00401,66,38.0,42.884734439094046,1,yearly,fiber,paypal,0
CUST-00402,37,51.0,105.31282674902515,2,yearly,dsl,bank_transfer,0
CUST-00403,78,17.0,95.60247099602562,4,yearly,fiber,credit_card,0
CUST-00404,48,23.0,77.24713689796002,3,yearly,dsl,bank_transfer,0
CUST-00405,49,17.0,73.93082108590484,3,monthly,fiber,credit_card,1
CUST-00406,44,21.0,64.7741935993145,2,yearly,fiber,credit_card,0
CUST-00407,26,11.0,86.9630987850007,3,yearly,fiber,paypal,0
CUST-00408,75,2.0,60.73054576344846,2,monthly,dsl,bank_transfer,0
CUST-00409,18,67.0,75.88924676599734,3,two_year,none,bank_transfer,0
CUST-00410,28,5.0,91.79835916298627,1,monthly,none,paypal,0
CUST-00411,32,63.0,55.954836411860256,2,monthly,fiber,bank_transfer,1
CUST-00412,35,0.0,54.595181500232634,2,two_year,dsl,credit_card,0
CUST-00413,26,55.0,40.140862981888525,0,monthly,fiber,credit_card,1
CUST-00414,19,23.0,43.38818134684569,2,monthly,dsl,credit_card,0
CUST-00415,60,37.0,24.29011721396244,3,monthly,none,credit_card,0
CUST-00416,78,20.0,,1,two_year,fiber,bank_transfer,0
CUST-00417,25,35.0,115.22286355206927,1,monthly,none,bank_transfer,1
CUST-00418,36,32.0,105.63322358675764,4,yearly,fiber,credit_card,0
CUST-00419,49,38.0,29.34788778433709,3,yearly,fiber,bank_transfer,0
CUST-00420,75,28.0,88.121366788905,1,yearly,dsl,paypal,0
CUST-00421,61,,105.55265874808892,3,two_year,none,paypal,0
CUST-00422,65,59.0,58.5797504815334,3,yearly,fiber,credit_card,0
CUST-00423,54,31.0,72.53618576625124,0,monthly,dsl,paypal,0
CUST-00424,43,26.0,19.80267372988324,5,two_year,fiber,paypal,0
CUST-00425,30,9.0,,2,monthly,dsl,credit_card,1
CUST-00426,71,25.0,43.41100676413206,3,monthly,dsl,credit_card,0
CUST-00427,67,9.0,74.99087544778786,2,monthly,fiber,credit_card,1
CUST-00428,19,13.0,30.96992694527799,3,yearly,dsl,bank_transfer,0
CUST-00429,62,68.0,83.5714556119399,3,monthly,dsl,bank_transfer,1
CUST-00430,23,6.0,95.61281688566724,3,yearly,dsl,bank_transfer,0
CUST-00431,63,34.0,50.42050345712081,5,monthly,fiber,bank_transfer,0
CUST-00432,69,60.0,41.57693546473914,3,monthly,fiber,credit_card,0
CUST-00433,26,68.0,16.09942393625047,2,monthly,none,credit_card,0
CUST-00434,44,10.0,63.339661648120575,3,yearly,dsl,paypal,0
CUST-00435,25,11.0,55.46015164295987,3,monthly,dsl,paypal,1
CUST-00436,53,26.0,31.22451469129863,1,monthly,dsl,bank_transfer,0
CUST-00437,75,39.0,81.3254689078043,3,monthly,dsl,credit_card,0
CUST-00438,23,69.0,58.75074045338377,2,monthly,fiber,credit_card,0
CUST-00439,42,14.0,43.10660103386919,3,yearly,fiber,credit_card,1
CUST-00440,78,,56.135689858988826,2,monthly,dsl,credit_card,0
CUST-00441,36,18.0,96.78261347324039,2,monthly,fiber,credit_card,0
CUST-00442,26,62.0,85.07342359388056,2,two_year,fiber,paypal,0
CUST-00443,48,2.0,66.74934846253775,5,monthly,dsl,bank_transfer,0
CUST-00444,49,27.0,85.47762546162132,3,monthly,none,credit_card,0
CUST-00445,59,8.0,40.977201090331526,3,yearly,dsl,credit_card,0
CUST-00446,37,11.0,70.80925251817577,1,yearly,fiber,credit_card,0
CUST-00447,77,66.0,73.68305826216177,2,yearly,none,bank_transfer,0
CUST-00448,50,0.0,58.25408728753183,0,monthly,fiber,bank_transfer,1
CUST-00449,35,23.0,80.88645839893545,0,monthly,fiber,credit_card,0
CUST-00450,77,65.0,50.48916363388872,3,monthly,none,paypal,0
CUST-00451,75,43.0,82.74551769440295,3,monthly,dsl,credit_card,0
CUST-00452,48,5.0,83.7964692882823,0,monthly,none,credit_card,0
CUST-00453,19,33.0,10.0,1,two_year,dsl,paypal,0
CUST-00454,55,69.0,99.75764258775294,4,yearly,dsl,credit_card,0
CUST-00455,52,28.0,10.0,0,monthly,fiber,credit_card,0
CUST-00456,27,38.0,54.598774361096865,3,monthly,fiber,bank_transfer,1
CUST-00457,57,38.0,95.63370085644388,3,yearly,none,credit_card,0
CUST-00458,70,47.0,62.067831868688984,0,monthly,none,credit_card,0
CUST-00459,24,13.0,33.34535043826145,4,monthly,fiber,credit_card,0
CUST-00460,62,60.0,42.65657345708323,2,monthly,fiber,credit_card,0
CUST-00461,26,71.0,95.67264365801549,1,yearly,fiber,bank_transfer,0
CUST-00462,64,10.0,21.962386736284046,1,yearly,fiber,credit_card,0
CUST-00463,43,58.0,98.22477752405044,8,monthly,none,bank_transfer,1
CUST-00464,18,58.0,68.62244752394277,3,monthly,fiber,paypal,0
CUST-00465,77,53.0,40.19011673893916,1,yearly,fiber,credit_card,0
CUST-00466,28,26.0,55.42212319243272,2,yearly,none,credit_card,0
CUST-00467,54,33.0,44.56939147245897,2,yearly,dsl,credit_card,1
CUST-00468,29,60.0,,6,monthly,fiber,credit_card,0
CUST-00469,75,11.0,88.31069524407096,3,yearly,fiber,credit_card,1
CUST-00470,63,59.0,27.020971653098833,3,two_year,fiber,bank_transfer,0
CUST-00471,67,66.0,59.91019703701665,1,yearly,fiber,credit_card,0
CUST-00472,44,49.0,48.42035844139307,2,monthly,fiber,bank_transfer,0
CUST-00473,46,24.0,102.33774921148425,3,yearly,fiber,bank_transfer,1
CUST-00474,57,,36.24752204683947,3,monthly,fiber,paypal,1
CUST-00475,66,3.0,110.10572761712535,1,monthly,fiber,credit_card,1
CUST-00476,70,67.0,69.16763151207657,2,monthly,fiber,credit_card,0
CUST-00477,19,24.0,40.95163984049781,1,two_year,none,paypal,0
CUST-00478,59,4.0,53.068145399768056,2,monthly,fiber,credit_card,1
CUST-00479,24,57.0,49.95952898078873,1,two_year,fiber,bank_transfer,0
CUST-00480,35,47.0,38.134539949612346,0,monthly,none,bank_transfer,0
CUST-00481,69,44.0,72.3706714932594,1,monthly,fiber,bank_transfer,0
CUST-00482,33,3.0,39.302111232703915,3,monthly,fiber,credit_card,0
CUST-00483,67,54.0,15.490844781545281,4,yearly,dsl,credit_card,0
CUST-00484,46,45.0,60.50808822879567,1,monthly,dsl,bank_transfer,0
CUST-00485,32,57.0,24.928595089552935,3,monthly,fiber,bank_transfer,1
CUST-00486,38,59.0,51.19597829831199,3,monthly,dsl,bank_transfer,0
CUST-00487,50,15.0,,1,monthly,dsl,bank_transfer,0
CUST-00488,65,,48.21959819935464,4,monthly,fiber,paypal,1
CUST-00489,55,66.0,120.02407753975385,1,monthly,fiber,paypal,1
CUST-00490,75,38.0,71.41028917923927,0,monthly,fiber,bank_transfer,0
CUST-00491,71,31.0,76.13427522488331,2,two_year,dsl,credit_card,0
CUST-00492,64,20.0,25.590042591442636,1,monthly,fiber,credit_card,0
CUST-00493,55,46.0,53.65092165907695,0,monthly,fiber,bank_transfer,0
CUST-00494,35,54.0,75.3825657485378,2,monthly,dsl,bank_transfer,0
CUST-00495,43,0.0,44.38677717717484,4,monthly,none,credit_card,1
CUST-00496,25,39.0,92.70157108794963,4,yearly,fiber,bank_transfer,1
CUST-00497,41,71.0,39.93258535247425,4,monthly,fiber,credit_card,0
CUST-00498,75,20.0,62.84084660337061,5,monthly,fiber,credit_card,1
CUST-00499,44,20.0,55.34870900061103,1,yearly,dsl,paypal,0
CUST-00500,25,63.0,74.1080164845479,1,monthly,fiber,credit_card,0
CUST-00501,58,4.0,53.98774820361435,1,two_year,none,bank_transfer,0
CUST-00502,77,28.0,63.22765932322657,2,two_year,fiber,bank_transfer,0
CUST-00503,71,32.0,64.09674770555036,3,monthly,fiber,bank_transfer,0
CUST-00504,34,57.0,51.64030606521747,3,monthly,fiber,credit_card,1
CUST-00505,46,9.0,82.12734671242782,2,monthly,fiber,bank_transfer,1
CUST-00506,50,31.0,75.95970937093563,1,monthly,fiber,credit_card,0
CUST-00507,33,10.0,67.78465136867082,2,monthly,dsl,bank_transfer,0
CUST-00508,34,56.0,59.238541663451045,2,yearly,fiber,credit_card,0
CUST-00509,32,45.0,89.91360076299992,2,monthly,dsl,paypal,0
CUST-00510,79,35.0,64.10414390464547,3,monthly,fiber,bank_transfer,0
CUST-00511,64,28.0,62.33256780435157,2,monthly,dsl,credit_card,0
CUST-00512,70,11.0,72.61725074720314,2,two_year,fiber,credit_card,1
CUST-00513,68,66.0,112.41466707427126,0,two_year,dsl,credit_card,0
CUST-00514,77,46.0,,0,monthly,fiber,bank_transfer,0
CUST-00515,24,22.0,89.24642232638386,3,yearly,none,bank_transfer,0
CUST-00516,72,29.0,22.670720969047373,2,monthly,none,bank_transfer,0
CUST-00517,22,52.0,75.4318289557156,5,yearly,dsl,paypal,0
CUST-00518,47,51.0,109.37707069021828,5,yearly,none,bank_transfer,0
CUST-00519,54,33.0,82.21671311168268,3,two_year,fiber,bank_transfer,0
CUST-00520,40,21.0,74.26562696349482,3,monthly,dsl,credit_card,1
CUST-00521,27,47.0,55.98876327992311,1,monthly,fiber,bank_transfer,0
CUST-00522,29,47.0,,0,two_year,none,bank_transfer,0
CUST-00523,69,43.0,63.698429614916094,1,monthly,fiber,bank_transfer,0
CUST-00524,37,5.0,50.35058480171612,2,monthly,fiber,credit_card,0
CUST-00525,37,34.0,62.75310961312825,7,yearly,dsl,credit_card,0
CUST-00526,75,44.0,74.95952901566099,2,yearly,fiber,credit_card,0
CUST-00527,26,68.0,50.81957328673399,3,yearly,dsl,paypal,0
CUST-00528,74,37.0,49.842954482882895,2,yearly,fiber,bank_transfer,0
CUST-00529,75,24.0,35.99391406019564,2,yearly,dsl,credit_card,1
CUST-00530,55,40.0,79.76812565222241,0,monthly,none,credit_card,0
CUST-00531,28,12.0,83.63308154917651,4,yearly,dsl,bank_transfer,1
CUST-00532,27,,75.79151110591293,4,yearly,fiber,paypal,0
CUST-00533,35,48.0,94.12926231821665,2,two_year,fiber,paypal,0
CUST-00534,53,71.0,72.19669092701818,2,monthly,fiber,paypal,0
CUST-00535,27,60.0,79.80027343414392,3,monthly,fiber,paypal,0
CUST-00536,46,42.0,77.59593564093908,3,yearly,dsl,credit_card,0
CUST-00537,25,2.0,,4,monthly,fiber,credit_card,1
CUST-00538,51,71.0,56.72945429675882,4,monthly,fiber,bank_transfer,0
CUST-00539,19,32.0,125.35381539479778,0,yearly,fiber,bank_transfer,0
CUST-00540,61,20.0,58.701225503662286,1,monthly,none,credit_card,0
CUST-00541,21,64.0,53.35305722198909,3,monthly,fiber,bank_transfer,1
CUST-00542,30,53.0,80.85024558625267,2,monthly,fiber,credit_card,0
CUST-00543,28,53.0,76.29636038237513,2,monthly,fiber,credit_card,0
CUST-00544,69,19.0,34.88021130974182,3,yearly,fiber,credit_card,0
CUST-00545,21,71.0,98.06695636409347,2,monthly,none,paypal,0
CUST-00546,44,32.0,67.64513561622917,1,monthly,fiber,bank_transfer,1
CUST-00547,54,38.0,42.22672261960699,3,monthly,dsl,bank_transfer,0
CUST-00548,49,54.0,99.71960285884686,2,monthly,dsl,paypal,0
CUST-00549,60,47.0,85.64188928990384,1,monthly,dsl,paypal,0
CUST-00550,67,12.0,38.38645020130215,3,monthly,dsl,credit_card,1
CUST-00551,42,21.0,114.42957100644311,4,monthly,dsl,bank_transfer,1
CUST-00552,69,26.0,86.46993420915481,3,monthly,fiber,credit_card,1
CUST-00553,37,68.0,69.74509710937384,5,monthly,fiber,bank_transfer,0
CUST-00554,79,51.0,109.75547014054449,3,monthly,dsl,credit_card,0
CUST-00555,49,26.0,73.98244459574101,2,monthly,dsl,credit_card,0
CUST-00556,63,52.0,69.2979231223992,2,monthly,dsl,bank_transfer,0
CUST-00557,72,53.0,53.492497099450276,4,monthly,fiber,credit_card,1
CUST-00558,67,28.0,84.54626098267697,3,monthly,fiber,bank_transfer,0
CUST-00559,70,29.0,81.91507418309949,2,monthly,fiber,bank_transfer,1
CUST-00560,51,64.0,70.36700349724278,1,yearly,fiber,bank_transfer,0
CUST-00561,20,40.0,50.250341153309925,3,monthly,fiber,credit_card,0
CUST-00562,48,10.0,73.24824635415185,5,yearly,fiber,credit_card,1
CUST-00563,29,51.0,68.25503035594656,1,yearly,dsl,credit_card,0
CUST-00564,73,42.0,36.66314203164497,3,monthly,dsl,paypal,0
CUST-00565,32,36.0,33.204691216895355,3,monthly,dsl,paypal,0
CUST-00566,32,52.0,84.12883447024424,3,monthly,dsl,credit_card,1
CUST-00567,33,65.0,,1,monthly,fiber,bank_transfer,0
CUST-00568,57,23.0,75.1352631740315,3,monthly,fiber,bank_transfer,1
CUST-00569,53,30.0,58.04792355615439,0,monthly,dsl,paypal,0
CUST-00570,76,13.0,102.70616517199775,6,yearly,dsl,credit_card,1
CUST-00571,43,46.0,57.663294771153105,3,monthly,dsl,bank_transfer,0
CUST-00572,35,28.0,86.4871053562974,2,yearly,dsl,bank_transfer,0
CUST-00573,21,24.0,60.07715396905521,2,yearly,dsl,credit_card,0
CUST-00574,18,50.0,72.84370383715358,2,monthly,dsl,credit_card,0
CUST-00575,41,29.0,88.42091327300128,2,two_year,dsl,credit_card,0
CUST-00576,75,33.0,58.436107091885496,0,two_year,dsl,bank_transfer,0
CUST-00577,50,,94.9138721124601,2,monthly,fiber,bank_transfer,0
CUST-00578,73,18.0,45.15755307233792,2,monthly,fiber,bank_transfer,0
CUST-00579,24,9.0,77.36482106395948,3,monthly,fiber,credit_card,0
CUST-00580,23,59.0,93.06599306969632,2,monthly,dsl,paypal,0
CUST-00581,69,6.0,86.50093729475837,3,monthly,dsl,credit_card,1
CUST-00582,24,23.0,117.91112191838526,1,monthly,fiber,paypal,1
CUST-00583,21,48.0,50.91401706723349,2,monthly,fiber,credit_card,0
CUST-00584,43,9.0,35.521268716285306,2,yearly,dsl,paypal,0
CUST-00585,75,47.0,45.14162228762201,4,monthly,fiber,paypal,0
CUST-00586,60,52.0,86.51106416371093,1,monthly,dsl,paypal,0
CUST-00587,24,47.0,82.44807335673447,2,monthly,fiber,paypal,0
CUST-00588,69,21.0,72.55641649118539,3,yearly,fiber,credit_card,0
CUST-00589,70,1.0,41.92607377232175,4,yearly,fiber,bank_transfer,0
CUST-00590,67,63.0,89.17168233322651,2,monthly,fiber,bank_transfer,0
CUST-00591,73,23.0,39.382380558736486,2,yearly,fiber,credit_card,0
CUST-00592,32,57.0,98.9737395594225,3,monthly,fiber,paypal,1
CUST-00593,78,14.0,141.43596057849663,6,yearly,fiber,credit_card,1
CUST-00594,37,11.0,79.16127866428876,2,yearly,fiber,credit_card,0
CUST-00595,67,56.0,84.57770339144358,0,monthly,dsl,paypal,1
CUST-00596,53,67.0,57.678505777611015,1,yearly,fiber,credit_card,0
CUST-00597,66,61.0,24.74466697282959,2,two_year,fiber,credit_card,0
CUST-00598,56,54.0,54.93201592424444,4,yearly,fiber,credit_card,1
CUST-00599,57,17.0,42.67761897253126,1,monthly,none,bank_transfer,0
CUST-00600,56,65.0,33.82488558962461,3,yearly,dsl,paypal,0
CUST-00601,66,48.0,113.05899854989123,3,monthly,none,credit_card,0
CUST-00602,63,12.0,76.82156295064432,2,yearly,none,bank_transfer,0
CUST-00603,26,9.0,79.4921895153496,3,yearly,fiber,bank_transfer,0
CUST-00604,69,62.0,62.27444087009376,1,monthly,dsl,bank_transfer,0
CUST-00605,51,19.0,65.67822293891409,1,monthly,fiber,bank_transfer,0
CUST-00606,38,,94.11376705598333,1,monthly,none,paypal,0
CUST-00607,49,9.0,69.19157203261962,4,monthly,fiber,credit_card,0
CUST-00608,77,,83.26734845061831,2,monthly,fiber,credit_card,0
CUST-00609,71,20.0,65.0998925538746,3,monthly,none,bank_transfer,1
CUST-00610,69,20.0,,1,yearly,dsl,credit_card,0
CUST-00611,46,48.0,34.82714585995345,2,monthly,none,bank_transfer,0
CUST-00612,66,65.0,20.556273440821798,2,monthly,fiber,credit_card,0
CUST-00613,41,65.0,63.46095247333996,5,yearly,fiber,credit_card,0
CUST-00614,60,53.0,71.41241729983082,3,monthly,fiber,paypal,0
CUST-00615,57,14.0,37.846749082280226,7,monthly,fiber,credit_card,1
CUST-00616,33,69.0,69.13812837413418,0,yearly,fiber,bank_transfer,0
CUST-00617,34,39.0,71.34381407476255,3,two_year,fiber,bank_transfer,0
CUST-00618,21,39.0,16.09979984851552,3,yearly,dsl,credit_card,0
CUST-00619,26,50.0,47.12188351301247,3,monthly,fiber,credit_card,0
CUST-00620,44,55.0,80.18159734338671,3,monthly,dsl,credit_card,0
CUST-00621,47,68.0,79.67646823489359,3,two_year,none,bank_transfer,0
CUST-00622,28,41.0,41.15812709000598,2,yearly,dsl,credit_card,0
CUST-00623,43,43.0,73.96120126249338,4,yearly,fiber,bank_transfer,0
CUST-00624,55,53.0,95.5601806340118,1,yearly,fiber,credit_card,0
CUST-00625,32,18.0,89.42682397477246,3,monthly,fiber,credit_card,0
CUST-00626,38,22.0,67.61785532465164,0,monthly,dsl,credit_card,0
CUST-00627,40,45.0,58.30059216689269,3,yearly,fiber,credit_card,1
CUST-00628,49,4.0,54.26638789163739,3,two_year,fiber,credit_card,0
CUST-00629,40,,81.69549457274142,4,monthly,none,paypal,1
CUST-00630,63,51.0,74.8775993285722,1,yearly,dsl,credit_card,0
CUST-00631,38,70.0,85.735100152555,1,monthly,dsl,bank_transfer,0
CUST-00632,44,37.0,73.2968453280288,0,two_year,fiber,bank_transfer,1
CUST-00633,41,28.0,90.46909875868604,3,monthly,none,bank_transfer,0
CUST-00634,29,31.0,72.3648133239425,3,yearly,fiber,bank_transfer,1
CUST-00635,60,,89.61721790329216,4,monthly,fiber,credit_card,1
CUST-00636,32,39.0,91.77056925916597,4,yearly,none,bank_transfer,1
CUST-00637,36,1.0,49.88683424437966,1,yearly,none,credit_card,1
CUST-00638,67,38.0,24.796398828231354,1,monthly,fiber,bank_transfer,0
CUST-00639,76,28.0,108.58732140036383,3,yearly,fiber,credit_card,1
CUST-00640,59,50.0,76.41646826780654,0,two_year,fiber,bank_transfer,0
CUST-00641,74,63.0,27.137852612596962,1,two_year,dsl,bank_transfer,0
CUST-00642,70,69.0,52.15451256953222,1,monthly,dsl,bank_transfer,0
CUST-00643,47,43.0,89.29685730924571,5,yearly,fiber,credit_card,0
CUST-00644,65,26.0,63.008079221677676,5,yearly,fiber,bank_transfer,0
CUST-00645,38,31.0,57.198464517021826,2,yearly,dsl,bank_transfer,0
CUST-00646,46,12.0,105.02204650782417,1,monthly,dsl,bank_transfer,0
CUST-00647,51,67.0,43.81782134040474,1,yearly,fiber,credit_card,0
CUST-00648,77,61.0,50.04616605612915,0,monthly,dsl,credit_card,0
CUST-00649,70,61.0,75.28466187620668,1,monthly,none,credit_card,0
CUST-00650,48,23.0,79.76137330134706,0,monthly,fiber,bank_transfer,0
CUST-00651,58,23.0,82.40857585851829,4,monthly,dsl,credit_card,1
CUST-00652,30,61.0,,2,monthly,dsl,bank_transfer,1
CUST-00653,67,,74.96446551703792,1,monthly,dsl,bank_transfer,1
CUST-00654,52,50.0,82.23459847346022,1,yearly,none,bank_transfer,0
CUST-00655,51,35.0,63.51976851712292,1,monthly,dsl,bank_transfer,0
CUST-00656,65,31.0,71.56745758091786,2,monthly,dsl,bank_transfer,1
CUST-00657,57,45.0,72.68835450134085,0,yearly,fiber,bank_transfer,0
CUST-00658,22,58.0,75.3774533954759,1,two_year,dsl,credit_card,0
CUST-00659,35,24.0,89.31349518956903,5,two_year,fiber,paypal,0
CUST-00660,28,58.0,83.87864204862078,1,yearly,fiber,paypal,0
CUST-00661,63,17.0,71.10542507250457,2,two_year,fiber,bank_transfer,0
CUST-00662,20,29.0,49.771850376474006,2,yearly,dsl,paypal,0
CUST-00663,30,65.0,71.69178145156773,3,two_year,none,paypal,0
CUST-00664,55,68.0,69.2995553776064,2,two_year,dsl,bank_transfer,0
CUST-00665,61,66.0,74.82953949532995,0,monthly,dsl,bank_transfer,0
CUST-00666,49,22.0,125.16313267851005,5,two_year,fiber,bank_transfer,1
CUST-00667,71,60.0,56.90568053646911,2,yearly,dsl,credit_card,0
CUST-00668,74,67.0,80.55722547813399,2,yearly,none,credit_card,0
CUST-00669,26,70.0,96.71155168110745,1,two_year,fiber,bank_transfer,0
CUST-00670,77,1.0,,7,monthly,dsl,bank_transfer,1
CUST-00671,56,53.0,128.44612797930412,4,monthly,dsl,credit_card,0
CUST-00672,57,71.0,60.54901770671308,4,yearly,fiber,bank_transfer,0
CUST-00673,23,55.0,78.10223055800118,1,yearly,dsl,bank_transfer,1
CUST-00674,56,16.0,50.02985637767545,3,two_year,fiber,bank_transfer,0
CUST-00675,62,54.0,61.211881621417675,4,two_year,fiber,credit_card,0
CUST-00676,54,7.0,76.22334775991645,3,yearly,fiber,bank_transfer,1
CUST-00677,23,,91.15760155769324,1,two_year,fiber,credit_card,0
CUST-00678,50,45.0,77.97737085058935,3,monthly,fiber,credit_card,0
CUST-00679,76,32.0,101.4778712333684,3,two_year,none,credit_card,0
CUST-00680,62,50.0,67.62586723518321,2,monthly,fiber,credit_card,0
CUST-00681,26,,61.695786754024866,2,yearly,dsl,credit_card,0
CUST-00682,77,43.0,137.59962768198466,1,monthly,dsl,bank_transfer,0
CUST-00683,77,46.0,79.85594123605077,3,yearly,fiber,credit_card,0
CUST-00684,28,45.0,52.01296135053631,2,monthly,fiber,credit_card,0
CUST-00685,67,20.0,,1,monthly,none,paypal,0
CUST-00686,43,21.0,46.43300213671649,4,yearly,dsl,bank_transfer,0
CUST-00687,54,18.0,93.4142338964197,2,yearly,none,paypal,1
CUST-00688,45,33.0,60.890567677668955,5,monthly,fiber,bank_transfer,1
CUST-00689,66,42.0,73.18406189141214,1,yearly,dsl,credit_card,0
CUST-00690,79,26.0,68.41228313904328,3,monthly,dsl,paypal,0
CUST-00691,67,29.0,88.28731019852337,3,monthly,none,paypal,0
CUST-00692,75,20.0,48.831397677899496,7,monthly,fiber,bank_transfer,1
CUST-00693,76,15.0,43.11069284642461,3,yearly,none,bank_transfer,0
CUST-00694,23,47.0,75.60743267953985,4,yearly,fiber,bank_transfer,0
CUST-00695,33,58.0,85.02398211749743,3,yearly,dsl,bank_transfer,0
CUST-00696,62,20.0,78.31330782744102,1,yearly,dsl,bank_transfer,0
CUST-00697,54,61.0,49.76365677256681,3,yearly,dsl,bank_transfer,0
CUST-00698,21,41.0,86.93712105228485,3,yearly,fiber,credit_card,0
CUST-00699,23,12.0,51.40347682260914,3,two_year,dsl,credit_card,0
CUST-00700,50,26.0,56.96153388034042,1,monthly,fiber,credit_card,0
CUST-00701,56,0.0,46.401161881949946,2,monthly,fiber,credit_card,1
CUST-00702,28,2.0,102.52895871630076,4,monthly,dsl,credit_card,0
CUST-00703,28,24.0,85.83553852568373,2,yearly,dsl,paypal,0
CUST-00704,26,32.0,85.12483439197183,1,monthly,fiber,credit_card,1
CUST-00705,53,57.0,101.18028552856126,2,monthly,dsl,credit_card,0
CUST-00706,18,9.0,140.31623120596808,1,two_year,fiber,credit_card,0
CUST-00707,53,60.0,27.26934740224611,2,two_year,dsl,bank_transfer,0
CUST-00708,47,16.0,51.540585478072295,2,monthly,dsl,bank_transfer,0
CUST-00709,46,9.0,54.59562289563691,2,monthly,dsl,bank_transfer,0
CUST-00710,60,50.0,48.72950944043268,2,monthly,dsl,paypal,0
CUST-00711,50,55.0,43.06041880990718,2,monthly,dsl,paypal,0
CUST-00712,63,43.0,62.50867339861586,3,two_year,fiber,paypal,0
CUST-00713,65,8.0,39.58490711776488,7,yearly,dsl,paypal,1
CUST-00714,75,8.0,78.37605918843533,3,monthly,fiber,credit_card,1
CUST-00715,67,28.0,71.29245803571537,3,monthly,fiber,bank_transfer,0
CUST-00716,50,32.0,82.02571661909138,3,monthly,dsl,credit_card,0
CUST-00717,48,71.0,82.69321129095631,3,monthly,fiber,bank_transfer,0
CUST-00718,32,,85.07517133566691,2,monthly,fiber,credit_card,1
CUST-00719,55,13.0,60.66477657940294,2,yearly,none,credit_card,0
CUST-00720,26,68.0,123.02858506584168,3,monthly,fiber,credit_card,0
CUST-00721,75,,75.86077791205244,1,two_year,fiber,bank_transfer,0
CUST-00722,70,,23.437881184380124,1,monthly,fiber,bank_transfer,0
CUST-00723,25,30.0,44.940606355844565,1,yearly,fiber,credit_card,0
CUST-00724,66,28.0,26.48742527430461,0,monthly,dsl,bank_transfer,1
CUST-00725,25,44.0,70.43336572878269,3,monthly,dsl,credit_card,1
CUST-00726,62,63.0,66.95486939866666,1,two_year,dsl,bank_transfer,0
CUST-00727,23,67.0,58.28935755251356,0,yearly,fiber,credit_card,0
CUST-00728,48,20.0,120.27315281001286,3,monthly,dsl,credit_card,0
CUST-00729,58,70.0,83.72457185192278,2,monthly,fiber,bank_transfer,0
CUST-00730,63,45.0,88.15245903615836,1,yearly,dsl,bank_transfer,0
CUST-00731,43,5.0,46.72316280144742,0,two_year,dsl,paypal,0
CUST-00732,75,67.0,45.02137771672469,5,yearly,fiber,bank_transfer,0
CUST-00733,66,9.0,70.92013747742386,3,monthly,dsl,paypal,0
CUST-00734,30,42.0,74.32517849130565,1,monthly,dsl,credit_card,0
CUST-00735,59,56.0,23.592210822138576,3,monthly,fiber,credit_card,0
CUST-00736,63,,65.49232442876165,0,monthly,dsl,paypal,0
CUST-00737,38,19.0,70.35180207183762,1,yearly,dsl,credit_card,0
CUST-00738,63,34.0,64.62127085572178,1,yearly,fiber,bank_transfer,0
CUST-00739,73,63.0,49.66523969133309,3,monthly,fiber,credit_card,1
CUST-00740,68,16.0,56.5116204519715,3,yearly,dsl,bank_transfer,0
CUST-00741,65,47.0,65.5785201606801,3,yearly,none,credit_card,0
CUST-00742,57,32.0,72.2700005902512,2,yearly,dsl,bank_transfer,0
CUST-00743,34,8.0,85.1197895637642,2,monthly,dsl,bank_transfer,0
CUST-00744,67,51.0,97.02140512377179,2,monthly,dsl,credit_card,0
CUST-00745,40,59.0,62.64130691181875,2,monthly,fiber,credit_card,1
CUST-00746,50,41.0,58.596095097116056,3,monthly,fiber,credit_card,0
CUST-00747,37,12.0,80.94139183835766,5,monthly,fiber,credit_card,1
CUST-00748,37,11.0,85.27112291027136,2,monthly,none,credit_card,1
CUST-00749,27,30.0,59.14498916852786,5,monthly,dsl,paypal,0
CUST-00750,77,36.0,89.7598369241543,4,monthly,none,credit_card,0
CUST-00751,27,39.0,94.48963352889933,0,two_year,fiber,credit_card,0
CUST-00752,23,17.0,102.29216164146683,1,yearly,dsl,bank_transfer,0
CUST-00753,76,36.0,114.45802266799556,3,monthly,dsl,credit_card,1
CUST-00754,52,21.0,48.339596533514026,3,two_year,fiber,credit_card,0
CUST-00755,45,49.0,70.34745523331279,1,monthly,fiber,bank_transfer,0
CUST-00756,63,57.0,70.2819424154665,3,monthly,dsl,bank_transfer,0
CUST-00757,41,46.0,67.5481607866873,2,yearly,dsl,paypal,0
CUST-00758,25,0.0,53.768427009746596,0,monthly,dsl,credit_card,0
CUST-00759,63,71.0,32.860949919223216,3,monthly,fiber,bank_transfer,0
CUST-00760,28,1.0,72.3169861507251,6,monthly,dsl,paypal,0
CUST-00761,52,71.0,50.791108511302184,4,monthly,fiber,paypal,0
CUST-00762,76,2.0,72.14983701869062,4,yearly,fiber,paypal,1
CUST-00763,76,37.0,50.14891145752866,0,monthly,dsl,credit_card,0
CUST-00764,40,7.0,42.50854135389147,4,monthly,fiber,paypal,1
CUST-00765,66,6.0,75.85745900942244,2,monthly,none,paypal,0
CUST-00766,55,49.0,73.7730381701624,4,monthly,fiber,bank_transfer,1
CUST-00767,47,52.0,84.48204928302333,3,monthly,fiber,bank_transfer,0
CUST-00768,26,8.0,124.64659416044063,4,two_year,fiber,paypal,1
CUST-00769,41,70.0,76.93223828027116,3,yearly,dsl,credit_card,0
CUST-00770,58,,82.12704417660323,3,monthly,fiber,bank_transfer,0
CUST-00771,79,22.0,43.06096677831687,0,yearly,fiber,bank_transfer,0
CUST-00772,18,21.0,37.82731398659064,3,monthly,fiber,bank_transfer,1
CUST-00773,62,33.0,109.57073616933334,2,monthly,fiber,bank_transfer,0
CUST-00774,70,12.0,46.913005501667406,1,monthly,dsl,credit_card,0
CUST-00775,76,30.0,43.90139821328395,1,monthly,fiber,credit_card,0
CUST-00776,44,15.0,69.02252696958618,2,yearly,fiber,credit_card,1
CUST-00777,25,3.0,67.74518966556529,4,two_year,dsl,bank_transfer,0
CUST-00778,34,26.0,47.43733733891771,3,monthly,fiber,bank_transfer,0
CUST-00779,70,48.0,62.3756695321725,1,monthly,dsl,paypal,1
CUST-00780,72,54.0,100.73439294125261,4,yearly,fiber,bank_transfer,1
CUST-00781,57,25.0,49.85015977920506,3,monthly,dsl,bank_transfer,0
CUST-00782,25,23.0,35.15818789084571,2,monthly,fiber,credit_card,0
CUST-00783,25,56.0,93.5648405224948,1,two_year,fiber,bank_transfer,0
CUST-00784,47,49.0,82.30742279845092,2,yearly,fiber,paypal,0
CUST-00785,54,59.0,54.48703448378346,6,two_year,none,bank_transfer,0
CUST-00786,20,65.0,30.445824596827052,2,monthly,fiber,paypal,0
CUST-00787,60,59.0,51.38441608903592,4,monthly,none,paypal,0
CUST-00788,51,67.0,68.63238907876821,2,monthly,none,credit_card,0
CUST-00789,18,29.0,99.14180224709548,0,two_year,fiber,bank_transfer,0
CUST-00790,23,28.0,44.08545062825858,0,monthly,fiber,bank_transfer,0
CUST-00791,46,23.0,67.88700296221316,3,monthly,fiber,bank_transfer,0
CUST-00792,62,,86.87861649737245,1,monthly,none,credit_card,0
CUST-00793,69,53.0,,3,yearly,dsl,credit_card,0
CUST-00794,44,51.0,95.8446541984725,2,yearly,dsl,credit_card,0
CUST-00795,36,,40.43873569483907,1,yearly,fiber,bank_transfer,0
CUST-00796,78,12.0,78.29988733642337,0,monthly,dsl,credit_card,1
CUST-00797,46,,76.16707874026861,5,yearly,fiber,credit_card,0
CUST-00798,37,15.0,97.11465978659612,5,monthly,fiber,bank_transfer,0
CUST-00799,45,64.0,83.77310952233852,3,monthly,fiber,credit_card,0
CUST-00800,18,19.0,10.567737706750473,1,monthly,fiber,paypal,0
CUST-00801,36,10.0,50.38051882110022,0,monthly,none,credit_card,0
CUST-00802,49,41.0,73.455128233832,0,monthly,dsl,credit_card,0
CUST-00803,74,,65.12550284700532,6,two_year,fiber,paypal,0
CUST-00804,63,65.0,81.94026824391926,4,monthly,fiber,paypal,0
CUST-00805,66,6.0,89.73416389174264,6,monthly,dsl,bank_transfer,1
CUST-00806,51,23.0,85.21129341074197,3,yearly,dsl,bank_transfer,0
CUST-00807,24,11.0,64.64312643613837,4,yearly,fiber,credit_card,1
CUST-00808,42,,23.84157472198799,3,monthly,fiber,bank_transfer,0
CUST-00809,79,38.0,58.612968778629565,2,yearly,dsl,credit_card,0
CUST-00810,20,20.0,80.40920370347388,1,monthly,none,bank_transfer,0
CUST-00811,72,4.0,42.73881868623806,0,monthly,dsl,credit_card,0
CUST-00812,60,36.0,85.7818682530394,5,yearly,fiber,bank_transfer,0
CUST-00813,35,3.0,92.70983243168261,5,yearly,dsl,credit_card,1
CUST-00814,66,,73.17167440739607,2,monthly,fiber,credit_card,1
CUST-00815,69,0.0,10.0,3,monthly,none,credit_card,0
CUST-00816,20,6.0,38.04779093220492,5,monthly,fiber,bank_transfer,1
CUST-00817,24,,117.15472896390204,6,monthly,fiber,credit_card,1
CUST-00818,59,61.0,56.33655517429055,2,two_year,fiber,bank_transfer,0
CUST-00819,79,55.0,20.3964194217751,4,monthly,fiber,credit_card,0
CUST-00820,19,7.0,100.88118470775682,5,two_year,fiber,bank_transfer,0
CUST-00821,59,2.0,70.33388978859182,1,monthly,dsl,credit_card,1
CUST-00822,26,24.0,97.62351222394314,2,yearly,dsl,paypal,0
CUST-00823,58,46.0,76.92396688048413,4,monthly,dsl,credit_card,0
CUST-00824,56,53.0,81.46397840530422,1,monthly,fiber,credit_card,0
CUST-00825,23,59.0,79.07523119286292,4,monthly,fiber,credit_card,0
CUST-00826,60,24.0,87.437207798025,1,monthly,fiber,credit_card,0
CUST-00827,73,12.0,126.93576121390245,3,two_year,fiber,bank_transfer,1
CUST-00828,71,1.0,94.2751583989797,2,yearly,fiber,credit_card,1
CUST-00829,19,10.0,30.491517053861628,2,yearly,none,paypal,1
CUST-00830,33,4.0,81.16653788197259,3,monthly,none,bank_transfer,0
CUST-00831,32,61.0,98.53701920258044,2,yearly,fiber,credit_card,0
CUST-00832,46,19.0,100.06752016340364,4,yearly,dsl,bank_transfer,0
CUST-00833,26,59.0,59.33487542352251,1,yearly,dsl,credit_card,0
CUST-00834,70,39.0,,2,yearly,fiber,credit_card,0
CUST-00835,66,38.0,93.19355998878012,1,yearly,dsl,credit_card,0
CUST-00836,68,32.0,134.31293592424325,4,monthly,fiber,credit_card,1
CUST-00837,30,58.0,51.24995659378721,1,two_year,fiber,credit_card,0
CUST-00838,18,3.0,57.31498558998937,5,monthly,none,paypal,1
CUST-00839,74,6.0,62.347023788501154,1,monthly,dsl,bank_transfer,1
CUST-00840,35,30.0,57.74444624903062,2,two_year,fiber,paypal,0
CUST-00841,58,28.0,47.74948125590993,1,monthly,fiber,credit_card,0
CUST-00842,74,39.0,10.0,2,monthly,none,paypal,0
CUST-00843,20,53.0,59.13251315692165,2,monthly,fiber,credit_card,0
CUST-00844,18,42.0,79.23395149249761,4,monthly,none,credit_card,0
CUST-00845,18,18.0,57.669453862352235,1,two_year,none,paypal,0
CUST-00846,27,23.0,118.38452958822774,1,yearly,fiber,credit_card,0
CUST-00847,21,54.0,70.33439531789656,4,monthly,dsl,credit_card,0
CUST-00848,68,,102.27572637960338,2,two_year,dsl,paypal,0
CUST-00849,55,36.0,76.53551031824921,1,yearly,dsl,bank_transfer,0
CUST-00850,78,38.0,90.66018274733145,1,two_year,fiber,bank_transfer,0
CUST-00851,67,54.0,76.98103884833905,2,monthly,fiber,credit_card,0
CUST-00852,77,51.0,104.21961579758907,4,monthly,fiber,credit_card,1
CUST-00853,32,33.0,71.39848375331002,2,monthly,dsl,paypal,0
CUST-00854,35,22.0,82.40301770221964,1,monthly,dsl,credit_card,0
CUST-00855,70,26.0,79.15832334125109,5,yearly,dsl,credit_card,0
CUST-00856,33,29.0,62.79286354681703,0,monthly,dsl,credit_card,0
CUST-00857,21,15.0,80.12455797311692,3,monthly,fiber,paypal,0
CUST-00858,59,,,3,yearly,fiber,bank_transfer,0
CUST-00859,67,15.0,63.24007644761395,2,monthly,dsl,bank_transfer,1
CUST-00860,78,46.0,80.48662232133121,1,monthly,dsl,paypal,0
CUST-00861,75,54.0,101.44447377173607,2,yearly,dsl,credit_card,0
CUST-00862,25,69.0,98.506332023607,4,two_year,fiber,paypal,0
CUST-00863,65,8.0,70.29291044298414,1,monthly,fiber,credit_card,0
CUST-00864,70,54.0,10.415282426065957,1,two_year,none,credit_card,0
CUST-00865,61,6.0,82.91757046621166,3,yearly,fiber,credit_card,1
CUST-00866,68,24.0,14.513143534423683,2,yearly,fiber,paypal,0
CUST-00867,69,12.0,,3,monthly,dsl,paypal,1
CUST-00868,45,11.0,74.23684677983151,2,yearly,dsl,bank_transfer,0
CUST-00869,20,12.0,94.99185049679973,1,yearly,none,credit_card,0
CUST-00870,46,3.0,47.447221545473724,2,monthly,none,credit_card,0
CUST-00871,30,59.0,31.18731316749864,4,two_year,dsl,credit_card,0
CUST-00872,25,4.0,,0,two_year,fiber,credit_card,0
CUST-00873,25,28.0,69.15991400109645,5,monthly,fiber,credit_card,1
CUST-00874,61,50.0,,2,yearly,none,bank_transfer,0
CUST-00875,49,71.0,72.11653201831909,4,monthly,fiber,bank_transfer,0
CUST-00876,51,61.0,139.1858973008065,0,yearly,none,paypal,0
CUST-00877,64,,,3,yearly,dsl,bank_transfer,0
CUST-00878,51,71.0,96.23746514658298,5,monthly,fiber,credit_card,0
CUST-00879,57,47.0,91.09842228883389,4,monthly,dsl,bank_transfer,0
CUST-00880,23,12.0,106.98655359630482,2,monthly,dsl,credit_card,1
CUST-00881,70,32.0,65.24820817748137,7,two_year,fiber,bank_transfer,0
CUST-00882,45,66.0,18.630967308117658,1,monthly,fiber,bank_transfer,0
CUST-00883,27,28.0,65.28534667484975,0,two_year,dsl,credit_card,0
CUST-00884,68,13.0,90.29339274991254,5,monthly,fiber,credit_card,1
CUST-00885,63,63.0,45.75499012212316,4,monthly,fiber,paypal,0
CUST-00886,21,68.0,65.59085123776674,2,two_year,dsl,bank_transfer,0
CUST-00887,29,70.0,52.70575642494217,2,yearly,dsl,bank_transfer,0
CUST-00888,18,68.0,107.55073129607825,0,monthly,dsl,bank_transfer,0
CUST-00889,34,62.0,88.7364253851641,4,monthly,none,bank_transfer,1
CUST-00890,24,32.0,86.28851551609897,2,monthly,none,credit_card,0
CUST-00891,62,13.0,85.54003282802428,4,monthly,fiber,paypal,0
CUST-00892,50,44.0,69.06876868619683,1,monthly,fiber,paypal,0
CUST-00893,78,15.0,74.93890706318759,4,yearly,dsl,credit_card,0
CUST-00894,64,34.0,40.37038548669206,0,monthly,fiber,credit_card,0
CUST-00895,55,47.0,15.338950531235811,0,monthly,dsl,bank_transfer,0
CUST-00896,49,68.0,73.7520282586256,1,monthly,dsl,bank_transfer,1
CUST-00897,21,20.0,78.0997564068036,4,monthly,fiber,credit_card,1
CUST-00898,22,18.0,100.23161421063443,3,two_year,dsl,bank_transfer,0
CUST-00899,56,52.0,109.28339540205918,1,monthly,dsl,bank_transfer,0
CUST-00900,18,0.0,109.24996212497366,2,monthly,none,bank_transfer,1
CUST-00901,20,,45.04941016765306,0,yearly,fiber,credit_card,0
CUST-00902,31,53.0,61.19337412625577,2,two_year,none,credit_card,0
CUST-00903,72,,82.00835739703449,2,yearly,fiber,credit_card,1
CUST-00904,46,27.0,,2,yearly,dsl,paypal,1
CUST-00905,61,59.0,107.0024800928479,1,two_year,none,bank_transfer,0
CUST-00906,43,26.0,97.9849290499595,1,yearly,fiber,credit_card,0
CUST-00907,28,51.0,60.30530111126774,2,two_year,fiber,paypal,1
CUST-00908,41,33.0,47.92000922112189,1,monthly,dsl,credit_card,0
CUST-00909,23,1.0,89.72269708458099,1,yearly,dsl,bank_transfer,0
CUST-00910,65,38.0,42.483468394141,3,two_year,fiber,credit_card,0
CUST-00911,29,3.0,64.03909122549243,2,two_year,dsl,bank_transfer,0
CUST-00912,41,67.0,67.13055127495194,3,monthly,dsl,bank_transfer,0
CUST-00913,78,43.0,109.8228022280702,3,yearly,fiber,bank_transfer,0
CUST-00914,54,26.0,61.13256742600806,2,monthly,dsl,credit_card,0
CUST-00915,46,35.0,10.0,3,yearly,fiber,credit_card,0
CUST-00916,51,44.0,82.6111161915617,2,monthly,fiber,credit_card,0
CUST-00917,66,18.0,52.52445367240184,1,yearly,dsl,paypal,0
CUST-00918,33,20.0,71.06577561094367,0,yearly,fiber,credit_card,0
CUST-00919,57,30.0,67.83238247894691,3,monthly,none,bank_transfer,1
CUST-00920,72,18.0,63.15740010455579,1,monthly,dsl,bank_transfer,0
CUST-00921,53,54.0,89.7585145446176,0,monthly,dsl,credit_card,0
CUST-00922,45,7.0,31.67837804118232,1,yearly,fiber,credit_card,1
CUST-00923,26,59.0,57.074644376140995,3,yearly,fiber,credit_card,0
CUST-00924,33,25.0,87.10094782793453,1,yearly,dsl,bank_transfer,0
CUST-00925,76,40.0,54.64788061639079,2,monthly,dsl,paypal,0
CUST-00926,51,11.0,29.779832268250704,2,yearly,dsl,credit_card,0
CUST-00927,36,27.0,86.7138835814184,1,yearly,fiber,paypal,1
CUST-00928,43,54.0,98.07736576103848,5,monthly,fiber,credit_card,0
CUST-00929,53,19.0,68.87511980892484,3,monthly,fiber,credit_card,0
CUST-00930,51,9.0,20.978860038261686,1,monthly,dsl,paypal,0
CUST-00931,61,37.0,87.6492436674704,1,monthly,fiber,paypal,0
CUST-00932,33,,,0,monthly,dsl,credit_card,0
CUST-00933,58,22.0,77.71998192120414,4,monthly,fiber,bank_transfer,0
CUST-00934,45,,47.813404381446006,4,monthly,fiber,paypal,0
CUST-00935,76,40.0,41.00401785582587,4,monthly,dsl,bank_transfer,1
CUST-00936,27,46.0,58.95224957300775,4,monthly,dsl,bank_transfer,0
CUST-00937,27,48.0,65.41756108931851,1,yearly,none,credit_card,0
CUST-00938,46,60.0,53.89479374033879,3,monthly,fiber,credit_card,0
CUST-00939,49,4.0,84.71758195537876,4,monthly,dsl,bank_transfer,1
CUST-00940,60,26.0,58.848265538529155,2,yearly,fiber,bank_transfer,0
CUST-00941,43,0.0,94.50477179179555,1,monthly,dsl,credit_card,1
CUST-00942,74,0.0,77.02932914108699,2,monthly,dsl,credit_card,1
CUST-00943,47,15.0,52.5610698350923,4,monthly,fiber,credit_card,1
CUST-00944,26,43.0,48.35150290419285,1,monthly,dsl,bank_transfer,0
CUST-00945,25,64.0,28.812592523814033,2,yearly,fiber,credit_card,0
CUST-00946,78,55.0,77.26832944667056,0,monthly,fiber,credit_card,0
CUST-00947,26,46.0,61.13531131871605,1,monthly,fiber,credit_card,0
CUST-00948,76,56.0,10.695111798412142,3,yearly,fiber,paypal,0
CUST-00949,35,12.0,56.607128180764995,2,two_year,none,bank_transfer,0
CUST-00950,23,60.0,47.4741492686262,2,monthly,dsl,credit_card,0
CUST-00951,36,64.0,109.39193980426651,2,monthly,dsl,credit_card,0
CUST-00952,56,6.0,27.43053470266726,1,monthly,none,credit_card,0
CUST-00953,44,33.0,33.96623000664866,2,yearly,dsl,bank_transfer,0
CUST-00954,66,59.0,97.7492410776425,4,yearly,fiber,bank_transfer,0
CUST-00955,55,34.0,,1,yearly,fiber,bank_transfer,0
CUST-00956,42,60.0,51.37542653185896,5,monthly,fiber,bank_transfer,0
CUST-00957,57,67.0,54.19785442977723,0,monthly,none,credit_card,1
CUST-00958,78,34.0,85.40588491383282,2,yearly,none,credit_card,0
CUST-00959,43,4.0,11.822505076367245,5,monthly,dsl,credit_card,0
CUST-00960,27,24.0,23.470157887361097,5,two_year,fiber,bank_transfer,1
CUST-00961,43,15.0,62.981664978732205,3,monthly,fiber,credit_card,0
CUST-00962,70,34.0,108.74726415322814,0,monthly,none,bank_transfer,0
CUST-00963,31,42.0,59.10674779583151,3,monthly,fiber,credit_card,0
CUST-00964,76,33.0,72.52341979337886,1,monthly,dsl,bank_transfer,1
CUST-00965,54,14.0,98.3447318141003,0,yearly,fiber,credit_card,0
CUST-00966,55,21.0,122.67211833195366,2,monthly,fiber,credit_card,1
CUST-00967,37,48.0,55.57878817129219,0,yearly,dsl,bank_transfer,1
CUST-00968,75,1.0,69.57908190666434,0,yearly,none,credit_card,0
CUST-00969,20,15.0,115.55138053357106,3,two_year,dsl,credit_card,1
CUST-00970,36,64.0,31.94501812021429,0,yearly,fiber,credit_card,0
CUST-00971,43,7.0,95.68952676384555,2,two_year,fiber,bank_transfer,0
CUST-00972,47,29.0,44.54211169096855,1,two_year,none,credit_card,0
CUST-00973,47,14.0,72.56180917757892,4,monthly,dsl,paypal,0
CUST-00974,27,7.0,63.93452381499314,4,two_year,fiber,paypal,0
CUST-00975,31,30.0,46.04970998246927,5,two_year,dsl,paypal,0
CUST-00976,23,37.0,45.42245180854312,2,monthly,fiber,credit_card,0
CUST-00977,53,,76.91035910634386,1,yearly,fiber,bank_transfer,0
CUST-00978,39,5.0,94.88848320406706,4,monthly,none,credit_card,0
CUST-00979,53,9.0,66.75659492028743,4,yearly,dsl,paypal,0
CUST-00980,54,46.0,71.7528289683304,4,monthly,fiber,bank_transfer,0
CUST-00981,61,61.0,84.27935165727618,2,yearly,fiber,credit_card,0
CUST-00982,51,12.0,45.709530674676,3,monthly,none,credit_card,1
CUST-00983,58,23.0,88.49231271032308,2,yearly,dsl,paypal,0
CUST-00984,54,24.0,90.48357742649367,4,monthly,dsl,paypal,0
CUST-00985,58,25.0,135.09065746876024,2,yearly,fiber,bank_transfer,0
CUST-00986,56,17.0,60.59739523601044,5,monthly,none,bank_transfer,0
CUST-00987,37,3.0,58.547954958296806,7,yearly,none,bank_transfer,1
CUST-00988,33,37.0,89.22414678934364,2,monthly,dsl,paypal,1
CUST-00989,66,25.0,90.47760422280346,3,monthly,fiber,bank_transfer,0
CUST-00990,39,24.0,56.6228211655822,3,monthly,dsl,credit_card,0
CUST-00991,52,19.0,59.92093307674878,3,two_year,dsl,bank_transfer,0
CUST-00992,30,66.0,83.528270955451,3,monthly,dsl,paypal,0
CUST-00993,44,43.0,49.31039398163347,3,yearly,none,credit_card,0
CUST-00994,50,30.0,59.73665029962463,2,monthly,dsl,credit_card,0
CUST-00995,56,14.0,72.23981918421087,5,yearly,fiber,credit_card,1
CUST-00996,50,57.0,94.89846712055645,2,monthly,fiber,credit_card,0
CUST-00997,40,63.0,54.88503459551148,2,monthly,dsl,bank_transfer,0
CUST-00998,77,2.0,23.9403884492332,2,monthly,fiber,credit_card,0
CUST-00999,49,66.0,22.085063312044728,3,monthly,fiber,bank_transfer,0
CUST-01000,68,50.0,38.51467333234667,2,monthly,dsl,credit_card,0
CUST-01001,63,7.0,37.17080704500157,1,monthly,fiber,paypal,0
CUST-01002,52,54.0,66.13473103450228,2,monthly,dsl,paypal,0
CUST-01003,72,7.0,40.27799616005987,3,two_year,fiber,bank_transfer,0
CUST-01004,25,3.0,52.431126004469895,0,monthly,fiber,bank_transfer,0
CUST-01005,75,8.0,50.647852875448756,4,two_year,fiber,credit_card,0
CUST-01006,70,33.0,58.987303478800165,2,monthly,dsl,paypal,1
CUST-01007,49,44.0,,4,monthly,dsl,bank_transfer,0
CUST-01008,63,29.0,86.54868973576292,0,monthly,fiber,credit_card,0
CUST-01009,50,8.0,70.4032353819001,0,monthly,fiber,paypal,0
CUST-01010,34,14.0,58.47434298547905,1,monthly,fiber,credit_card,0
CUST-01011,67,61.0,59.169183584424474,1,two_year,dsl,bank_transfer,0
CUST-01012,33,69.0,78.19366174879873,2,yearly,none,credit_card,0
CUST-01013,37,54.0,84.60422683380726,4,yearly,dsl,bank_transfer,0
CUST-01014,50,7.0,47.30956234748499,6,monthly,fiber,credit_card,0
CUST-01015,69,59.0,70.91201889035578,2,monthly,dsl,credit_card,0
CUST-01016,41,,19.209510783424328,3,yearly,fiber,bank_transfer,0
CUST-01017,48,37.0,75.29284460426493,3,monthly,fiber,paypal,1
CUST-01018,20,10.0,89.05373104896715,4,monthly,fiber,credit_card,1
CUST-01019,25,71.0,62.99828432797811,3,monthly,fiber,bank_transfer,0
CUST-01020,21,31.0,115.41317490350264,5,monthly,fiber,bank_transfer,0
CUST-01021,22,3.0,47.96903881409874,3,yearly,dsl,paypal,1
CUST-01022,71,15.0,75.43601038258153,0,monthly,fiber,credit_card,0
CUST-01023,70,28.0,69.10438133335111,3,monthly,dsl,bank_transfer,0
CUST-01024,68,4.0,67.49255831391478,6,two_year,none,paypal,0
CUST-01025,21,23.0,67.14194579988131,1,two_year,dsl,credit_card,1
CUST-01026,22,33.0,72.67762575023679,4,monthly,fiber,credit_card,0
CUST-01027,35,68.0,91.1989685865925,1,monthly,dsl,paypal,0
CUST-01028,53,6.0,104.4434059068686,2,yearly,fiber,credit_card,0
CUST-01029,38,41.0,69.94374388739607,5,monthly,fiber,credit_card,0
CUST-01030,48,65.0,90.38290180429082,0,monthly,fiber,credit_card,0
CUST-01031,28,58.0,52.455826343330436,1,monthly,dsl,paypal,0
CUST-01032,63,66.0,89.14888631815583,3,monthly,dsl,paypal,0
CUST-01033,37,12.0,50.95021190432524,2,two_year,dsl,bank_transfer,0
CUST-01034,22,57.0,97.26649840220331,3,yearly,dsl,bank_transfer,0
CUST-01035,64,70.0,,3,two_year,dsl,credit_card,0
CUST-01036,73,23.0,66.94790280071521,1,yearly,dsl,credit_card,0
CUST-01037,18,35.0,15.186412729814784,2,yearly,none,credit_card,0
CUST-01038,45,38.0,56.29817666887943,1,yearly,fiber,credit_card,0
CUST-01039,69,35.0,100.79687835723259,3,yearly,none,credit_card,0
CUST-01040,61,20.0,83.82691967563112,1,monthly,none,bank_transfer,0
CUST-01041,71,69.0,76.22283996687574,1,monthly,dsl,credit_card,0
CUST-01042,43,68.0,95.21670889887098,4,monthly,fiber,credit_card,0
CUST-01043,41,27.0,82.11133598121054,3,monthly,fiber,credit_card,0
CUST-01044,61,57.0,100.44312968627841,4,monthly,dsl,credit_card,0
CUST-01045,27,28.0,92.98559191617464,1,monthly,fiber,credit_card,0
CUST-01046,32,57.0,108.04251131842398,1,yearly,fiber,credit_card,0
CUST-01047,55,42.0,78.96990209765636,3,monthly,dsl,credit_card,0
CUST-01048,59,33.0,92.63148503734887,2,monthly,none,bank_transfer,0
CUST-01049,25,9.0,62.32182317285537,5,monthly,dsl,bank_transfer,1
CUST-01050,49,47.0,54.96347971102485,5,monthly,dsl,paypal,1
CUST-01051,40,23.0,112.66919101047434,7,two_year,fiber,bank_transfer,1
CUST-01052,49,15.0,75.4051169080672,2,monthly,fiber,bank_transfer,0
CUST-01053,77,13.0,90.12201414655948,0,monthly,dsl,paypal,0
CUST-01054,22,70.0,73.09350036028475,4,monthly,fiber,bank_transfer,0
CUST-01055,79,7.0,55.337108727000896,4,yearly,dsl,bank_transfer,1
CUST-01056,45,57.0,70.27457231456003,1,yearly,none,credit_card,0
CUST-01057,65,62.0,105.89985044419285,1,monthly,dsl,credit_card,0
CUST-01058,44,2.0,83.8810018569856,1,monthly,dsl,credit_card,1
CUST-01059,37,42.0,27.213171006738524,2,yearly,dsl,credit_card,0
CUST-01060,65,41.0,,2,two_year,dsl,bank_transfer,0
CUST-01061,60,25.0,114.5573448176178,0,monthly,fiber,credit_card,0
CUST-01062,26,48.0,64.6550784537511,3,monthly,fiber,bank_transfer,1
CUST-01063,61,,24.988032706645484,2,monthly,fiber,paypal,0
CUST-01064,64,31.0,117.32622213556358,2,monthly,dsl,bank_transfer,0
CUST-01065,42,31.0,87.05981274531982,2,yearly,fiber,credit_card,0
CUST-01066,75,,68.24967852968,1,two_year,dsl,credit_card,0
CUST-01067,57,45.0,60.71455659794828,3,two_year,dsl,credit_card,0
CUST-01068,38,27.0,97.05879824479338,2,yearly,fiber,paypal,0
CUST-01069,18,66.0,56.45041499434519,4,monthly,dsl,bank_transfer,0
CUST-01070,59,,98.7064106128997,3,two_year,fiber,bank_transfer,0
CUST-01071,30,67.0,83.5548821431064,2,monthly,fiber,bank_transfer,0
CUST-01072,64,52.0,76.11704813718374,1,monthly,fiber,bank_transfer,0
CUST-01073,50,28.0,73.63787013338988,0,yearly,fiber,bank_transfer,0
CUST-01074,46,55.0,65.62579908214555,0,monthly,none,credit_card,0
CUST-01075,28,23.0,96.14100300523164,5,yearly,none,credit_card,1
CUST-01076,62,19.0,48.366429197454146,5,two_year,dsl,credit_card,0
CUST-01077,28,32.0,29.45187182924477,2,yearly,dsl,bank_transfer,0
CUST-01078,43,69.0,85.36100307231186,4,yearly,dsl,paypal,0
CUST-01079,69,40.0,85.7809582016787,2,monthly,none,bank_transfer,1
CUST-01080,75,27.0,82.00602881279417,2,monthly,dsl,bank_transfer,0
CUST-01081,79,33.0,80.19320924045097,2,yearly,fiber,paypal,0
CUST-01082,77,20.0,61.9864905415613,1,yearly,dsl,credit_card,0
CUST-01083,52,47.0,89.68706760963813,5,two_year,none,credit_card,0
CUST-01084,30,25.0,68.86104683113648,4,monthly,fiber,paypal,0
CUST-01085,70,39.0,57.82216097962055,1,monthly,fiber,paypal,0
CUST-01086,67,26.0,62.202717193615,4,monthly,fiber,bank_transfer,0
CUST-01087,79,23.0,120.5159924693958,2,yearly,fiber,credit_card,0
CUST-01088,58,69.0,26.625597948864183,3,yearly,dsl,paypal,0
CUST-01089,26,24.0,82.49470260739497,2,two_year,fiber,bank_transfer,0
CUST-01090,49,5.0,28.02223930940707,2,monthly,none,bank_transfer,0
CUST-01091,45,27.0,67.29416654192566,2,monthly,dsl,credit_card,0
CUST-01092,70,38.0,59.15931287114531,6,monthly,fiber,bank_transfer,1
CUST-01093,42,6.0,17.874292583003054,2,monthly,dsl,paypal,0
CUST-01094,38,22.0,79.72593976084407,1,monthly,dsl,paypal,0
CUST-01095,22,11.0,60.4990484451951,1,yearly,dsl,bank_transfer,0
CUST-01096,69,36.0,17.5198414359689,4,monthly,fiber,bank_transfer,1
CUST-01097,64,52.0,90.9892022693563,2,monthly,dsl,bank_transfer,0
CUST-01098,20,,105.87515444972337,1,yearly,fiber,bank_transfer,0
CUST-01099,44,28.0,107.2531085574143,4,yearly,fiber,credit_card,0
CUST-01100,47,62.0,78.97391101628678,0,monthly,fiber,credit_card,0
CUST-01101,47,15.0,71.15145346442789,0,monthly,fiber,credit_card,0
CUST-01102,74,56.0,103.20391552239492,1,yearly,dsl,bank_transfer,0
CUST-01103,27,40.0,,4,yearly,fiber,credit_card,0
CUST-01104,36,54.0,98.33921757189063,4,yearly,dsl,credit_card,0
CUST-01105,29,,46.46155994425497,3,monthly,fiber,paypal,1
CUST-01106,33,38.0,75.03362133037305,0,monthly,dsl,bank_transfer,1
CUST-01107,74,18.0,80.98790360728572,4,two_year,fiber,credit_card,0
CUST-01108,76,37.0,24.75957577706927,4,monthly,none,credit_card,0
CUST-01109,20,59.0,81.73401649051935,4,monthly,none,bank_transfer,0
CUST-01110,57,,126.82479564948473,2,two_year,fiber,credit_card,0
CUST-01111,32,66.0,85.99840414501979,3,monthly,dsl,bank_transfer,0
CUST-01112,29,13.0,106.8353270360439,0,yearly,fiber,bank_transfer,0
CUST-01113,36,43.0,74.57286825321762,4,two_year,dsl,credit_card,0
CUST-01114,30,7.0,68.16954190040447,3,monthly,dsl,bank_transfer,1
CUST-01115,48,48.0,79.5317847520244,4,yearly,fiber,credit_card,0
CUST-01116,79,71.0,49.604333800389185,2,monthly,fiber,bank_transfer,0
CUST-01117,54,,45.90562031914028,5,two_year,fiber,credit_card,0
CUST-01118,62,47.0,101.65761392923415,3,two_year,dsl,credit_card,0
CUST-01119,48,68.0,104.30855857166296,2,two_year,dsl,credit_card,0
CUST-01120,18,60.0,45.22234211031624,2,monthly,fiber,paypal,1
CUST-01121,23,28.0,94.19997011384662,1,yearly,fiber,credit_card,0
CUST-01122,34,7.0,67.82600060984947,4,two_year,fiber,credit_card,1
CUST-01123,33,66.0,78.49521436226077,2,yearly,dsl,credit_card,0
CUST-01124,70,66.0,81.50546598587658,5,yearly,fiber,bank_transfer,1
CUST-01125,70,41.0,94.85876170310796,2,monthly,fiber,credit_card,0
CUST-01126,70,70.0,72.06795504657973,0,two_year,none,paypal,0
CUST-01127,57,,105.2540498825484,7,monthly,fiber,bank_transfer,1
CUST-01128,52,44.0,77.73532099399812,0,monthly,dsl,bank_transfer,0
CUST-01129,58,2.0,85.60460681173831,2,two_year,fiber,bank_transfer,0
CUST-01130,43,67.0,49.16843521156884,5,two_year,fiber,credit_card,0
CUST-01131,59,48.0,123.96647526762085,1,two_year,dsl,paypal,1
CUST-01132,67,65.0,81.74562308012416,1,monthly,fiber,paypal,0
CUST-01133,65,40.0,87.82493563362748,1,monthly,fiber,credit_card,0
CUST-01134,56,5.0,29.79535471971146,1,monthly,none,bank_transfer,1
CUST-01135,21,,49.432449423022476,2,monthly,none,credit_card,1
CUST-01136,62,24.0,100.94709219796826,1,two_year,dsl,bank_transfer,0
CUST-01137,40,53.0,77.17227795731512,4,yearly,fiber,bank_transfer,0
CUST-01138,64,10.0,22.15550662927685,1,monthly,fiber,paypal,0
CUST-01139,51,61.0,95.95724822459547,1,monthly,fiber,credit_card,0
CUST-01140,72,17.0,56.40542989118192,2,monthly,none,bank_transfer,0
CUST-01141,38,35.0,105.2829246469178,0,two_year,dsl,bank_transfer,0
CUST-01142,75,14.0,67.80410803490751,5,yearly,dsl,credit_card,0
CUST-01143,70,33.0,75.11766715051324,3,monthly,none,bank_transfer,0
CUST-01144,38,,99.4738644647912,1,monthly,fiber,bank_transfer,0
CUST-01145,47,0.0,47.562675728633444,1,monthly,dsl,bank_transfer,0
CUST-01146,50,40.0,45.17882980415151,2,monthly,fiber,paypal,0
CUST-01147,65,56.0,65.08753949004732,4,two_year,fiber,credit_card,0
CUST-01148,60,67.0,90.67931999053056,4,yearly,none,credit_card,0
CUST-01149,70,23.0,36.72806868466273,5,monthly,none,credit_card,1
CUST-01150,40,63.0,28.299135002772584,4,yearly,fiber,credit_card,0
CUST-01151,49,63.0,90.5930231760948,4,monthly,fiber,bank_transfer,1
CUST-01152,44,71.0,54.92554218582491,1,monthly,dsl,paypal,0
CUST-01153,74,26.0,60.19434967699292,2,yearly,fiber,credit_card,0
CUST-01154,36,61.0,23.579739951495853,4,monthly,dsl,bank_transfer,0
CUST-01155,54,40.0,53.025517141200446,4,monthly,dsl,credit_card,0
CUST-01156,25,4.0,69.81081758422124,3,yearly,fiber,credit_card,0
CUST-01157,70,19.0,93.2594464405723,5,two_year,fiber,paypal,1
CUST-01158,41,48.0,50.71924584413403,3,monthly,fiber,bank_transfer,0
CUST-01159,39,11.0,,3,yearly,none,credit_card,1
CUST-01160,54,31.0,52.886099395504985,3,monthly,fiber,paypal,0
CUST-01161,48,55.0,52.92270496037063,2,yearly,dsl,bank_transfer,0
CUST-01162,70,10.0,108.43393879744505,1,monthly,fiber,credit_card,0
CUST-01163,50,35.0,75.28650380909792,2,yearly,dsl,bank_transfer,0
CUST-01164,50,15.0,56.19938177471059,3,monthly,fiber,bank_transfer,0
CUST-01165,24,38.0,66.12167172048517,2,two_year,fiber,credit_card,1
CUST-01166,19,17.0,103.82683943855149,6,two_year,dsl,paypal,1
CUST-01167,42,69.0,106.65507049064205,4,monthly,dsl,bank_transfer,1
CUST-01168,79,5.0,49.5801705182436,0,yearly,fiber,bank_transfer,0
CUST-01169,74,69.0,68.93915474802229,0,monthly,fiber,paypal,0
CUST-01170,56,57.0,72.25392069168933,1,yearly,none,bank_transfer,1
CUST-01171,57,61.0,45.34399723708506,6,monthly,fiber,credit_card,1
CUST-01172,42,61.0,68.60787368375014,6,monthly,fiber,credit_card,0
CUST-01173,29,13.0,70.13307151129251,1,yearly,fiber,credit_card,1
CUST-01174,18,67.0,98.50523697341839,0,monthly,fiber,credit_card,0
CUST-01175,39,42.0,100.18562570778002,1,monthly,dsl,credit_card,0
CUST-01176,37,69.0,61.7697650410248,1,monthly,dsl,bank_transfer,0
CUST-01177,29,63.0,64.65117140347971,3,monthly,dsl,credit_card,0
CUST-01178,34,41.0,86.60730755139089,0,monthly,dsl,credit_card,0
CUST-01179,19,26.0,55.370288776824715,0,yearly,fiber,bank_transfer,0
CUST-01180,55,8.0,84.71600379343506,5,yearly,dsl,credit_card,0
CUST-01181,75,7.0,67.80233781576963,2,monthly,fiber,bank_transfer,0
CUST-01182,60,28.0,45.765035556534485,2,monthly,fiber,bank_transfer,0
CUST-01183,45,58.0,46.07908217800884,1,yearly,dsl,credit_card,0
CUST-01184,44,36.0,106.17646740077755,1,yearly,fiber,credit_card,0
CUST-01185,37,34.0,66.08946302141753,1,yearly,fiber,bank_transfer,0
CUST-01186,26,17.0,111.00885234745778,4,monthly,fiber,credit_card,0
CUST-01187,55,40.0,57.15909348212725,1,monthly,dsl,bank_transfer,0
CUST-01188,53,45.0,77.28013002828733,4,yearly,fiber,bank_transfer,0
CUST-01189,18,70.0,129.81691807545604,2,monthly,dsl,bank_transfer,0
CUST-01190,43,52.0,43.56533138341802,2,monthly,dsl,credit_card,0
CUST-01191,35,43.0,22.554637502505585,2,monthly,dsl,paypal,0
CUST-01192,28,65.0,,2,yearly,fiber,credit_card,0
CUST-01193,61,30.0,49.32977236517316,0,monthly,dsl,paypal,0
CUST-01194,50,67.0,69.48234089734416,1,yearly,fiber,paypal,0
CUST-01195,57,26.0,55.352044738710376,5,yearly,none,credit_card,0
CUST-01196,62,9.0,76.70406952388291,2,monthly,dsl,credit_card,1
CUST-01197,78,30.0,46.236594820356444,3,yearly,fiber,credit_card,0
CUST-01198,67,9.0,65.50149780291734,4,yearly,dsl,paypal,1
CUST-01199,56,8.0,81.24538316391336,3,monthly,dsl,credit_card,1
CUST-01200,72,63.0,44.79227784314345,2,yearly,fiber,paypal,0
CUST-01201,47,57.0,52.497899258852776,3,monthly,fiber,bank_transfer,0
CUST-01202,79,15.0,61.31542916003671,3,monthly,dsl,bank_transfer,0
CUST-01203,65,60.0,34.27961414434304,1,yearly,dsl,bank_transfer,0
CUST-01204,58,4.0,59.43597543003134,0,yearly,none,credit_card,0
CUST-01205,74,20.0,72.96991349757255,2,monthly,fiber,credit_card,0
CUST-01206,49,,60.01127646028929,0,two_year,dsl,paypal,0
CUST-01207,62,21.0,63.21558767670689,1,yearly,dsl,credit_card,0
CUST-01208,35,,69.50245822733537,3,yearly,dsl,paypal,0
CUST-01209,77,62.0,53.60641343919215,6,monthly,fiber,paypal,1
CUST-01210,56,4.0,,3,monthly,fiber,credit_card,1
CUST-01211,66,1.0,105.8994531200444,0,monthly,dsl,bank_transfer,1
CUST-01212,46,67.0,58.39049019511379,4,yearly,fiber,credit_card,0
CUST-01213,71,37.0,82.12995578694267,3,monthly,fiber,bank_transfer,0
CUST-01214,22,36.0,64.00957111413382,2,yearly,dsl,paypal,0
CUST-01215,25,33.0,79.13718362596262,2,monthly,fiber,paypal,0
CUST-01216,49,,109.14448828008136,2,yearly,fiber,paypal,0
CUST-01217,63,49.0,82.71648857545247,3,yearly,fiber,credit_card,0
CUST-01218,68,41.0,25.66463652975798,5,yearly,dsl,bank_transfer,0
CUST-01219,45,11.0,81.34989078617397,8,yearly,none,credit_card,0
CUST-01220,58,45.0,100.82159358272523,2,two_year,fiber,paypal,0
CUST-01221,52,48.0,64.46009575004743,5,monthly,fiber,credit_card,0
CUST-01222,77,,94.89087015294581,1,yearly,dsl,credit_card,1
CUST-01223,58,27.0,52.74711147120135,4,two_year,fiber,credit_card,1
CUST-01224,43,,32.861521011943154,0,yearly,none,credit_card,0
CUST-01225,78,,73.529225470816,3,monthly,dsl,credit_card,0
CUST-01226,24,9.0,26.088081981342146,2,two_year,fiber,credit_card,0
CUST-01227,79,2.0,64.00572467766021,1,monthly,fiber,paypal,0
CUST-01228,27,41.0,102.17105656613758,2,monthly,fiber,bank_transfer,1
CUST-01229,35,33.0,22.25592735634298,2,monthly,dsl,credit_card,0
CUST-01230,68,69.0,38.012580102152555,2,monthly,fiber,bank_transfer,0
CUST-01231,63,37.0,44.19919387096056,4,monthly,none,credit_card,0
CUST-01232,78,67.0,68.417003507226,3,monthly,dsl,bank_transfer,0
CUST-01233,64,15.0,60.85708035884477,4,two_year,none,credit_card,0
CUST-01234,57,32.0,104.97840954240219,2,monthly,none,bank_transfer,0
CUST-01235,39,10.0,93.85870822729244,4,monthly,fiber,credit_card,1
CUST-01236,18,41.0,82.38182365171495,3,two_year,dsl,credit_card,1
CUST-01237,25,13.0,73.64075785859713,1,yearly,dsl,bank_transfer,1
CUST-01238,36,35.0,79.83074442462068,1,monthly,fiber,bank_transfer,0
CUST-01239,20,24.0,48.450441117165624,1,monthly,fiber,bank_transfer,0
CUST-01240,49,13.0,91.43025883891531,0,yearly,fiber,credit_card,1
CUST-01241,66,6.0,42.19889364101997,1,yearly,fiber,bank_transfer,1
CUST-01242,77,36.0,90.88442484755578,2,yearly,none,bank_transfer,0
CUST-01243,48,,99.65356255297077,1,monthly,fiber,credit_card,0
CUST-01244,72,14.0,75.27161505220218,4,yearly,dsl,credit_card,0
CUST-01245,79,,65.5946735259506,4,yearly,none,credit_card,0
CUST-01246,71,16.0,80.00774770774183,3,yearly,fiber,credit_card,0
CUST-01247,46,58.0,10.0,5,two_year,dsl,credit_card,0
CUST-01248,38,29.0,77.55645546213653,1,yearly,fiber,credit_card,0
CUST-01249,78,70.0,67.16615005400483,3,yearly,fiber,bank_transfer,0
CUST-01250,32,17.0,68.73429717357523,3,yearly,fiber,bank_transfer,0
CUST-01251,43,5.0,87.66331282244569,1,yearly,fiber,bank_transfer,0
CUST-01252,22,41.0,68.1307769608818,3,monthly,fiber,bank_transfer,0
CUST-01253,67,,41.494828583721045,2,monthly,fiber,credit_card,0
CUST-01254,58,,66.46493322936554,3,yearly,fiber,paypal,0
CUST-01255,23,62.0,71.68888710202062,4,yearly,fiber,bank_transfer,1
CUST-01256,31,63.0,72.87334778952531,1,monthly,dsl,bank_transfer,0
CUST-01257,52,45.0,74.0479841821267,3,monthly,fiber,credit_card,0
CUST-01258,51,25.0,95.98422612296383,2,yearly,dsl,bank_transfer,0
CUST-01259,67,30.0,42.84913617414631,2,yearly,none,bank_transfer,0
CUST-01260,34,9.0,74.39251140412125,3,monthly,dsl,bank_transfer,1
CUST-01261,75,31.0,102.24824246545602,5,monthly,dsl,bank_transfer,1
CUST-01262,45,26.0,26.634712576570116,2,monthly,dsl,paypal,1
CUST-01263,69,2.0,74.49116701950133,2,two_year,dsl,paypal,0
CUST-01264,32,14.0,55.36553745067391,2,two_year,none,bank_transfer,1
CUST-01265,20,38.0,60.73224038817238,2,yearly,none,paypal,0
CUST-01266,21,26.0,47.37981241963945,4,monthly,fiber,paypal,0
CUST-01267,41,71.0,65.7612321074889,0,yearly,dsl,credit_card,0
CUST-01268,77,34.0,116.0313903606726,5,monthly,dsl,bank_transfer,1
CUST-01269,21,69.0,38.38924097056966,2,two_year,fiber,credit_card,0
CUST-01270,40,47.0,40.759749938029316,3,monthly,dsl,credit_card,0
CUST-01271,24,2.0,37.451635745912384,3,monthly,dsl,credit_card,0
CUST-01272,75,14.0,113.18545716570253,4,yearly,dsl,bank_transfer,0
CUST-01273,59,50.0,58.44150736196783,2,monthly,fiber,credit_card,1
CUST-01274,65,39.0,69.35902349130815,2,yearly,fiber,credit_card,0
CUST-01275,62,21.0,59.93042647234401,0,yearly,fiber,credit_card,0
CUST-01276,58,37.0,46.38942803992271,3,monthly,dsl,bank_transfer,0
CUST-01277,65,65.0,64.12123383463911,2,monthly,none,paypal,0
CUST-01278,18,27.0,131.456090143414,3,yearly,none,paypal,1
CUST-01279,71,3.0,104.80177302435638,3,yearly,fiber,credit_card,0
CUST-01280,63,22.0,48.67655455519319,4,monthly,fiber,credit_card,1
CUST-01281,63,67.0,86.18935257654215,4,monthly,dsl,paypal,0
CUST-01282,42,54.0,49.21193068334059,0,yearly,dsl,credit_card,0
CUST-01283,67,60.0,25.59080902884448,3,monthly,dsl,paypal,0
CUST-01284,41,65.0,95.48777294161575,2,yearly,fiber,bank_transfer,0
CUST-01285,21,8.0,99.00232116608876,2,yearly,fiber,bank_transfer,0
CUST-01286,74,20.0,96.15130627619749,1,monthly,dsl,credit_card,1
CUST-01287,32,4.0,58.25336876951068,1,yearly,dsl,credit_card,0
CUST-01288,24,0.0,65.83060664995034,0,monthly,fiber,bank_transfer,0
CUST-01289,56,60.0,88.74413884145308,4,monthly,none,credit_card,1
CUST-01290,32,67.0,79.78740093370268,4,yearly,dsl,paypal,0
CUST-01291,71,11.0,60.159063217573895,3,two_year,none,bank_transfer,0
CUST-01292,45,51.0,29.523204497045885,3,yearly,fiber,credit_card,0
CUST-01293,18,38.0,72.8468798535503,2,monthly,fiber,credit_card,0
CUST-01294,77,4.0,96.97524098090283,3,yearly,none,bank_transfer,0
CUST-01295,49,65.0,40.06029277414607,2,monthly,none,credit_card,0
CUST-01296,34,62.0,85.96898454189943,1,monthly,none,bank_transfer,0
CUST-01297,59,,78.28854237834231,3,monthly,dsl,bank_transfer,0
CUST-01298,50,50.0,88.75370658080834,4,monthly,fiber,paypal,1
CUST-01299,19,28.0,91.79938749297519,2,monthly,fiber,credit_card,0
CUST-01300,65,57.0,52.63836895186618,0,two_year,fiber,credit_card,0
CUST-01301,42,32.0,29.57601499587635,1,monthly,none,paypal,0
CUST-01302,61,71.0,56.662011857928015,1,yearly,fiber,bank_transfer,0
CUST-01303,73,,92.22818293817518,4,yearly,dsl,bank_transfer,1
CUST-01304,55,12.0,56.44990241185072,0,monthly,none,bank_transfer,1
CUST-01305,59,69.0,52.648916903558955,3,monthly,none,paypal,0
CUST-01306,33,20.0,24.46624145188404,2,monthly,none,credit_card,0
CUST-01307,32,22.0,113.81618886377348,5,monthly,dsl,credit_card,1
CUST-01308,43,56.0,90.64284103563274,1,yearly,fiber,bank_transfer,0
CUST-01309,70,,89.2473995318691,2,two_year,none,credit_card,0
CUST-01310,50,36.0,94.19313466948684,2,two_year,fiber,paypal,1
CUST-01311,39,20.0,84.41770903858504,1,monthly,fiber,credit_card,0
CUST-01312,66,14.0,63.89177862051177,3,monthly,none,credit_card,1
CUST-01313,70,69.0,65.90589739694497,2,monthly,dsl,credit_card,0
CUST-01314,73,14.0,59.310890885196876,2,two_year,dsl,paypal,0
CUST-01315,36,6.0,135.868518860375,5,monthly,fiber,bank_transfer,0
CUST-01316,61,,83.89780078248606,2,monthly,dsl,credit_card,0
CUST-01317,54,,58.404988966214134,0,yearly,none,credit_card,0
CUST-01318,45,9.0,81.63741935415699,1,yearly,dsl,credit_card,0
CUST-01319,42,50.0,44.728277053592066,3,monthly,fiber,credit_card,1
CUST-01320,25,38.0,107.61266796473068,4,yearly,dsl,bank_transfer,1
CUST-01321,35,59.0,53.473272604821496,0,monthly,none,credit_card,0
CUST-01322,52,9.0,82.52713581556165,2,monthly,none,credit_card,0
CUST-01323,72,70.0,96.64944074357837,6,monthly,fiber,credit_card,0
CUST-01324,71,44.0,79.61921360512481,2,monthly,dsl,bank_transfer,0
CUST-01325,29,60.0,72.36174979549095,5,two_year,fiber,bank_transfer,0
CUST-01326,60,26.0,70.27005212140038,0,monthly,fiber,bank_transfer,0
CUST-01327,23,67.0,68.58897257782232,0,yearly,fiber,bank_transfer,0
CUST-01328,59,45.0,55.582537776812444,2,monthly,dsl,paypal,1
CUST-01329,39,9.0,58.762914255757394,1,yearly,dsl,bank_transfer,1
CUST-01330,45,66.0,106.98975934127337,3,two_year,fiber,paypal,0
CUST-01331,62,57.0,67.28658418287108,1,monthly,fiber,bank_transfer,0
CUST-01332,44,21.0,50.355093265430675,1,two_year,fiber,credit_card,0
CUST-01333,68,39.0,57.092560078462284,4,yearly,fiber,paypal,0
CUST-01334,51,27.0,97.50926701743057,3,yearly,dsl,bank_transfer,1
CUST-01335,79,39.0,86.89016582911196,4,monthly,fiber,bank_transfer,0
CUST-01336,57,69.0,84.00822945580643,1,yearly,fiber,credit_card,0
CUST-01337,36,,63.561970027255214,3,monthly,none,credit_card,1
CUST-01338,66,15.0,,3,two_year,fiber,paypal,1
CUST-01339,43,69.0,53.9109718762338,4,two_year,none,credit_card,0
CUST-01340,51,31.0,63.50964921635563,3,monthly,dsl,credit_card,1
CUST-01341,26,50.0,94.24511218479364,5,two_year,dsl,credit_card,0
CUST-01342,25,55.0,91.85694197297661,1,two_year,dsl,bank_transfer,0
CUST-01343,53,34.0,45.45225385122992,2,yearly,fiber,paypal,0
CUST-01344,29,32.0,48.611838677285604,0,monthly,dsl,bank_transfer,0
CUST-01345,79,32.0,72.71755382033524,2,monthly,dsl,paypal,0
CUST-01346,71,62.0,113.15330936673774,2,monthly,fiber,bank_transfer,0
CUST-01347,61,27.0,22.110870888275144,1,monthly,dsl,credit_card,0
CUST-01348,63,20.0,76.95832348926261,5,two_year,dsl,credit_card,0
CUST-01349,54,26.0,35.5989167106713,5,monthly,none,credit_card,0
CUST-01350,21,14.0,54.14172516186136,8,yearly,dsl,bank_transfer,0
CUST-01351,42,28.0,60.88928954839396,5,yearly,fiber,credit_card,1
CUST-01352,48,8.0,59.487291414077724,3,yearly,none,credit_card,0
CUST-01353,74,6.0,56.65510150851979,4,monthly,none,paypal,1
CUST-01354,31,52.0,70.18017650940925,1,yearly,dsl,bank_transfer,0
CUST-01355,48,5.0,56.61861083423554,0,yearly,fiber,credit_card,0
CUST-01356,39,40.0,33.43856537864618,2,yearly,dsl,bank_transfer,0
CUST-01357,26,56.0,89.49674031306941,5,monthly,dsl,bank_transfer,1
CUST-01358,24,52.0,88.82180417872202,0,yearly,fiber,paypal,1
CUST-01359,40,32.0,91.07935775056673,4,monthly,none,bank_transfer,1
CUST-01360,23,13.0,31.481637593397952,4,yearly,dsl,credit_card,1
CUST-01361,22,67.0,77.47295381460377,0,monthly,none,credit_card,0
CUST-01362,39,60.0,86.89947139517308,3,monthly,dsl,credit_card,0
CUST-01363,30,,44.219948289010375,2,yearly,fiber,bank_transfer,1
CUST-01364,52,6.0,70.22933120455323,4,monthly,none,bank_transfer,0
CUST-01365,19,2.0,67.09333386724086,5,two_year,dsl,bank_transfer,0
CUST-01366,36,22.0,116.05376646420659,3,two_year,dsl,bank_transfer,0
CUST-01367,46,11.0,118.11240092531432,4,monthly,fiber,credit_card,1
CUST-01368,77,61.0,28.39109016674498,2,monthly,fiber,credit_card,0
CUST-01369,57,14.0,132.34817514319974,7,monthly,dsl,credit_card,1
CUST-01370,72,20.0,47.1193569711669,4,two_year,fiber,credit_card,0
CUST-01371,39,70.0,94.51683235818564,0,yearly,none,bank_transfer,0
CUST-01372,45,,94.26244952159327,2,monthly,none,paypal,0
CUST-01373,44,15.0,45.10774432895483,2,monthly,dsl,credit_card,0
CUST-01374,73,,82.33169484597748,2,monthly,fiber,bank_transfer,0
CUST-01375,77,37.0,67.3116563933484,2,yearly,dsl,credit_card,0
CUST-01376,77,47.0,83.85825011580977,3,monthly,fiber,bank_transfer,0
CUST-01377,64,67.0,75.76680755951564,3,monthly,dsl,credit_card,0
CUST-01378,49,62.0,99.90848713425618,2,yearly,fiber,bank_transfer,0
CUST-01379,51,70.0,71.88498857865156,1,monthly,none,credit_card,0
CUST-01380,78,2.0,65.80314826434221,4,monthly,fiber,credit_card,1
CUST-01381,35,17.0,97.4016058264295,1,yearly,fiber,bank_transfer,0
CUST-01382,39,40.0,84.50989912146508,3,two_year,none,credit_card,0
CUST-01383,73,3.0,88.2953348580222,2,monthly,dsl,bank_transfer,0
CUST-01384,41,25.0,,3,two_year,none,credit_card,0
CUST-01385,32,11.0,43.868430465038145,4,monthly,none,paypal,1
CUST-01386,52,67.0,55.806946418682465,4,two_year,dsl,credit_card,0
CUST-01387,38,4.0,54.47946535798528,4,monthly,fiber,bank_transfer,1
CUST-01388,73,10.0,89.65498171632287,5,yearly,dsl,paypal,1
CUST-01389,74,14.0,,2,monthly,dsl,bank_transfer,0
CUST-01390,36,10.0,66.12174276168999,2,two_year,none,credit_card,0
CUST-01391,50,40.0,105.77297547060881,2,two_year,fiber,bank_transfer,0
CUST-01392,79,26.0,104.21173484412824,1,monthly,dsl,credit_card,1
CUST-01393,64,65.0,76.08497291001348,4,monthly,fiber,bank_transfer,1
CUST-01394,31,18.0,49.452705711424,1,yearly,dsl,credit_card,0
CUST-01395,54,38.0,109.38441623588851,3,monthly,dsl,bank_transfer,0
CUST-01396,56,47.0,68.47456622428979,4,yearly,none,paypal,1
CUST-01397,58,45.0,73.15412991077436,2,yearly,fiber,credit_card,1
CUST-01398,19,57.0,61.509874359835784,4,monthly,fiber,credit_card,0
CUST-01399,36,14.0,47.75524184257006,2,monthly,fiber,credit_card,0
CUST-01400,70,36.0,33.284014242117706,3,two_year,fiber,bank_transfer,0
CUST-01401,32,57.0,85.8217080889322,3,monthly,fiber,credit_card,1
CUST-01402,36,62.0,50.41497365258449,3,yearly,none,bank_transfer,0
CUST-01403,37,44.0,146.4882807249206,4,monthly,fiber,bank_transfer,0
CUST-01404,28,46.0,,1,monthly,fiber,paypal,0
CUST-01405,27,62.0,38.56543812546575,3,monthly,dsl,credit_card,0
CUST-01406,39,44.0,82.75346789033603,5,monthly,fiber,credit_card,1
CUST-01407,72,68.0,108.23283697418238,1,yearly,fiber,credit_card,0
CUST-01408,18,9.0,71.61474142358054,3,monthly,none,bank_transfer,0
CUST-01409,35,,84.30606050468185,4,yearly,fiber,credit_card,0
CUST-01410,21,8.0,23.911314563532258,3,yearly,fiber,credit_card,0
CUST-01411,52,6.0,53.062211357705834,4,monthly,dsl,credit_card,1
CUST-01412,33,33.0,43.159606771560824,0,monthly,fiber,bank_transfer,0
CUST-01413,67,16.0,22.623853751302974,1,yearly,fiber,paypal,0
CUST-01414,54,29.0,72.92450585059717,2,yearly,fiber,credit_card,0
CUST-01415,66,31.0,13.929309459739162,3,yearly,fiber,credit_card,0
CUST-01416,57,44.0,36.945100847813784,2,monthly,none,credit_card,1
CUST-01417,45,68.0,56.57015514966455,2,yearly,fiber,credit_card,0
CUST-01418,71,61.0,49.21785410122309,3,monthly,fiber,paypal,0
CUST-01419,47,27.0,79.9102125551767,1,yearly,fiber,bank_transfer,0
CUST-01420,76,23.0,77.639504797562,2,monthly,none,bank_transfer,0
CUST-01421,79,55.0,92.34496864838643,2,yearly,fiber,paypal,0
CUST-01422,54,8.0,88.80959331781695,0,monthly,none,bank_transfer,0
CUST-01423,59,,98.52031973403452,0,yearly,fiber,credit_card,0
CUST-01424,33,30.0,69.95203999977365,1,monthly,none,bank_transfer,0
CUST-01425,68,13.0,77.58667252041674,1,yearly,fiber,credit_card,0
CUST-01426,59,44.0,82.78784254797978,5,monthly,fiber,credit_card,1
CUST-01427,73,23.0,73.54141743477564,2,yearly,dsl,paypal,0
CUST-01428,34,13.0,60.070142252073154,2,monthly,fiber,credit_card,0
CUST-01429,66,47.0,61.68893664150574,4,monthly,dsl,bank_transfer,0
CUST-01430,47,12.0,49.561040041750864,1,yearly,dsl,credit_card,0
CUST-01431,29,48.0,80.54042074774574,2,monthly,dsl,credit_card,0
CUST-01432,28,11.0,67.64962064787112,3,monthly,fiber,bank_transfer,0
CUST-01433,52,31.0,53.42065623408088,4,yearly,dsl,bank_transfer,0
CUST-01434,37,58.0,53.44387951688518,4,yearly,fiber,bank_transfer,0
CUST-01435,24,16.0,39.740031805430284,5,two_year,none,credit_card,0
CUST-01436,44,55.0,94.47103353092999,5,monthly,dsl,credit_card,0
CUST-01437,58,51.0,71.96544173829469,2,monthly,dsl,bank_transfer,0
CUST-01438,37,64.0,48.429999510668246,1,yearly,none,bank_transfer,0
CUST-01439,77,12.0,90.21369374005046,3,monthly,dsl,bank_transfer,0
CUST-01440,66,51.0,55.988779755140676,2,yearly,dsl,bank_transfer,0
CUST-01441,49,67.0,34.83748432469418,1,monthly,fiber,paypal,0
CUST-01442,75,54.0,95.53055723047832,2,two_year,dsl,bank_transfer,1
CUST-01443,44,13.0,56.572575260847174,3,yearly,fiber,credit_card,0
CUST-01444,26,59.0,59.77752274478026,3,monthly,fiber,bank_transfer,0
CUST-01445,20,7.0,71.02950050872944,4,monthly,dsl,bank_transfer,1
CUST-01446,76,42.0,98.56473056975287,3,monthly,fiber,paypal,1
CUST-01447,77,35.0,70.50093227165779,2,monthly,dsl,credit_card,0
CUST-01448,63,38.0,40.02207184636924,3,yearly,fiber,bank_transfer,1
CUST-01449,24,37.0,83.5969251028045,3,monthly,fiber,credit_card,0
CUST-01450,36,2.0,57.8752568934569,0,monthly,none,bank_transfer,0
CUST-01451,20,36.0,117.19809928823666,2,monthly,fiber,paypal,0
CUST-01452,21,67.0,69.97200695005274,0,yearly,dsl,paypal,0
CUST-01453,33,31.0,14.124112552533346,7,monthly,dsl,credit_card,1
CUST-01454,53,19.0,78.93412430389185,7,monthly,none,credit_card,0
CUST-01455,22,71.0,118.6149448065057,2,two_year,fiber,bank_transfer,0
CUST-01456,79,7.0,109.39800721363474,1,monthly,dsl,bank_transfer,1
CUST-01457,46,35.0,115.77385721891413,1,monthly,fiber,paypal,0
CUST-01458,34,36.0,44.50599536546341,3,two_year,fiber,credit_card,0
CUST-01459,49,34.0,92.80380989941946,2,monthly,fiber,paypal,1
CUST-01460,66,66.0,51.95013650658221,8,two_year,fiber,bank_transfer,1
CUST-01461,37,30.0,75.60723498542312,1,yearly,dsl,credit_card,0
CUST-01462,20,70.0,38.17618928150669,3,yearly,fiber,credit_card,0
CUST-01463,21,,53.88860587793209,2,monthly,fiber,bank_transfer,0
CUST-01464,70,52.0,53.093832565909615,3,monthly,dsl,credit_card,0
CUST-01465,24,42.0,92.4638820035654,5,monthly,fiber,bank_transfer,1
CUST-01466,57,17.0,90.01797804174139,2,monthly,fiber,bank_transfer,1
CUST-01467,41,16.0,76.92049323327052,3,monthly,fiber,bank_transfer,0
CUST-01468,66,51.0,36.23946454861536,2,yearly,fiber,credit_card,0
CUST-01469,21,45.0,62.209014151257,3,yearly,dsl,paypal,0
CUST-01470,73,44.0,51.34708792643185,5,monthly,none,bank_transfer,0
CUST-01471,61,3.0,91.74189391736228,5,yearly,dsl,bank_transfer,0
CUST-01472,45,43.0,99.45462132042961,4,two_year,dsl,bank_transfer,0
CUST-01473,30,70.0,96.40963965077208,3,yearly,fiber,bank_transfer,0
CUST-01474,78,1.0,,1,yearly,none,paypal,0
CUST-01475,36,33.0,10.0,3,yearly,fiber,bank_transfer,1
CUST-01476,48,35.0,25.825952546748642,3,monthly,fiber,bank_transfer,0
CUST-01477,42,64.0,105.54067445205521,3,monthly,fiber,credit_card,0
CUST-01478,32,20.0,59.9686265170044,1,two_year,fiber,credit_card,1
CUST-01479,43,34.0,51.23188454337219,1,yearly,dsl,bank_transfer,0
CUST-01480,27,51.0,111.06650733590585,3,yearly,fiber,credit_card,1
CUST-01481,18,4.0,101.62899863720817,1,two_year,fiber,bank_transfer,1
CUST-01482,35,57.0,70.61121804799467,0,monthly,fiber,paypal,0
CUST-01483,24,59.0,62.66492272340065,2,monthly,none,credit_card,0
CUST-01484,43,51.0,66.69746967967187,1,yearly,dsl,credit_card,0
CUST-01485,71,46.0,75.67906995968666,3,monthly,none,bank_transfer,0
CUST-01486,28,53.0,110.0011820329902,3,yearly,none,credit_card,0
CUST-01487,18,56.0,80.56168560593066,0,yearly,none,bank_transfer,1
CUST-01488,24,65.0,88.15072582597854,3,yearly,fiber,bank_transfer,0
CUST-01489,49,30.0,99.23175272675428,1,monthly,fiber,bank_transfer,1
CUST-01490,35,32.0,40.75809997438952,3,yearly,fiber,bank_transfer,0
CUST-01491,48,45.0,88.87154731185107,2,monthly,fiber,bank_transfer,0
CUST-01492,19,13.0,62.635781133459716,4,two_year,dsl,credit_card,0
CUST-01493,38,61.0,10.0,4,monthly,fiber,credit_card,0
CUST-01494,43,55.0,16.7957614503547,5,two_year,fiber,credit_card,0
CUST-01495,44,45.0,44.54705971203286,2,monthly,dsl,paypal,0
CUST-01496,52,21.0,83.28058071481453,2,monthly,fiber,credit_card,0
CUST-01497,66,25.0,72.84498913350741,1,monthly,fiber,credit_card,1
CUST-01498,46,31.0,74.6091676793916,3,monthly,fiber,credit_card,1
CUST-01499,70,47.0,118.7735870671673,2,monthly,dsl,credit_card,1
